time_index,set_point,measurement,proportional,integrator,differentiator
0.00000,0.000,0.000,0.000,0.000,0.000
0.00040,-2.000,0.000,-1.000,-0.003,0.000
0.00080,0.000,0.000,0.000,-0.006,0.000
0.00120,-2.000,0.000,-1.000,-0.009,0.000
0.00160,0.000,0.000,0.000,-0.012,0.000
0.00200,-2.000,0.000,-1.000,-0.015,0.000
0.00240,0.000,0.000,0.000,-0.018,0.000
0.00280,-2.000,0.000,-1.000,-0.021,0.000
0.00320,0.000,0.000,0.000,-0.024,0.000
0.00360,-1.119,0.000,-0.559,-0.025,0.000
0.00400,0.000,0.000,0.000,-0.027,0.000
0.00440,-0.330,0.000,-0.165,-0.027,0.000
0.00480,0.000,0.000,0.000,-0.028,0.000
0.00520,-0.083,0.000,-0.041,-0.028,0.000
0.00560,0.000,0.000,0.000,-0.028,0.000
0.00600,0.000,0.000,0.000,-0.028,0.000
0.00640,0.000,0.000,0.000,-0.028,0.000
0.00680,0.000,0.000,0.000,-0.028,0.000
0.00720,0.000,0.000,0.000,-0.028,0.000
0.00760,0.000,0.000,0.000,-0.028,0.000
0.00800,0.000,0.000,0.000,-0.028,0.000
0.00840,0.000,0.000,0.000,-0.028,0.000
0.00880,0.000,0.000,0.000,-0.028,0.000
0.00920,0.000,0.000,0.000,-0.028,0.000
0.00960,0.000,0.000,0.000,-0.028,0.000
0.01000,0.000,0.000,0.000,-0.028,0.000
0.01040,0.000,0.000,0.000,-0.028,0.000
0.01080,0.000,-0.086,0.043,-0.028,0.000
0.01120,0.000,-0.149,0.074,-0.028,0.000
0.01160,0.000,-0.108,0.054,-0.027,0.000
0.01200,0.000,-0.079,0.039,-0.027,0.000
0.01240,0.000,-0.057,0.028,-0.027,0.000
0.01280,0.000,-0.042,0.021,-0.027,0.000
0.01320,0.000,-0.030,0.015,-0.026,0.000
0.01360,0.000,-0.022,0.011,-0.026,0.000
0.01400,0.000,-0.016,0.008,-0.026,0.000
0.01440,0.000,-0.011,0.005,-0.026,0.000
0.01480,0.000,-0.008,0.004,-0.026,0.000
0.01520,0.000,-0.006,0.003,-0.026,0.000
0.01560,0.000,-0.004,0.002,-0.026,0.000
0.01600,-0.247,-0.003,-0.122,-0.027,0.000
0.01640,0.000,-0.002,0.001,-0.027,0.000
0.01680,0.000,-0.001,0.000,-0.027,0.000
0.01720,0.000,-0.001,0.000,-0.027,0.000
0.01760,0.000,0.000,0.000,-0.027,0.000
0.01800,0.000,0.000,0.000,-0.027,0.000
0.01840,0.000,0.000,0.000,-0.027,0.000
0.01880,0.000,0.000,0.000,-0.027,0.000
0.01920,0.000,0.000,0.000,-0.027,0.000
0.01960,0.000,-0.086,0.043,-0.027,0.000
0.02000,0.000,-0.149,0.074,-0.026,0.000
0.02040,0.000,-0.108,0.054,-0.026,0.000
0.02080,0.000,-0.079,0.039,-0.026,0.000
0.02120,0.000,-0.057,0.028,-0.026,0.000
0.02160,0.000,-0.042,0.021,-0.025,0.000
0.02200,0.000,-0.030,0.015,-0.025,0.000
0.02240,0.000,-0.022,0.011,-0.025,0.000
0.02280,0.000,-0.016,0.008,-0.025,0.000
0.02320,-0.263,-0.011,-0.125,-0.026,0.000
0.02360,0.000,-0.008,0.004,-0.026,0.000
0.02400,-0.084,-0.006,-0.039,-0.026,0.000
0.02440,0.000,-0.004,0.002,-0.026,0.000
0.02480,-0.033,-0.003,-0.015,-0.026,0.000
0.02520,0.000,-0.002,0.001,-0.026,0.000
0.02560,0.000,-0.001,0.000,-0.026,0.000
0.02600,0.000,-0.001,0.000,-0.026,0.000
0.02640,0.000,0.000,0.000,-0.026,0.000
0.02680,0.000,0.000,0.000,-0.026,0.000
0.02720,-0.143,0.000,-0.071,-0.026,0.000
0.02760,0.000,0.000,0.000,-0.027,0.000
0.02800,0.000,0.000,0.000,-0.027,0.000
0.02840,0.000,0.000,0.000,-0.027,0.000
0.02880,0.000,0.000,0.000,-0.027,0.000
0.02920,-0.001,0.000,0.000,-0.027,0.000
0.02960,0.000,0.000,0.000,-0.027,0.000
0.03000,0.000,0.000,0.000,-0.027,0.000
0.03040,0.000,0.000,0.000,-0.027,0.000
0.03080,0.000,0.000,0.000,-0.027,0.000
0.03120,0.000,0.000,0.000,-0.027,0.000
0.03160,0.000,0.000,0.000,-0.027,0.000
0.03200,0.000,0.000,0.000,-0.027,0.000
0.03240,0.000,0.000,0.000,-0.027,0.000
0.03280,0.000,0.000,0.000,-0.027,0.000
0.03320,0.000,0.000,0.000,-0.027,0.000
0.03360,0.000,0.000,0.000,-0.027,0.000
0.03400,0.000,0.000,0.000,-0.027,0.000
0.03440,-0.034,0.000,-0.017,-0.027,0.000
0.03480,0.000,0.000,0.000,-0.027,0.000
0.03520,0.000,0.000,0.000,-0.027,0.000
0.03560,-0.031,0.000,-0.015,-0.027,0.000
0.03600,-0.182,0.000,-0.091,-0.027,0.000
0.03640,0.000,0.000,0.000,-0.027,0.000
0.03680,0.000,0.000,0.000,-0.027,0.000
0.03720,-0.033,0.000,-0.016,-0.027,0.000
0.03760,-0.017,0.000,-0.008,-0.027,0.000
0.03800,0.000,0.000,0.000,-0.028,0.000
0.03840,-0.009,0.000,-0.004,-0.028,0.000
0.03880,-0.137,0.000,-0.068,-0.028,0.000
0.03920,0.000,0.000,0.000,-0.028,0.000
0.03960,0.000,0.000,0.000,-0.028,0.000
0.04000,0.000,0.000,0.000,-0.028,0.000
0.04040,-0.045,0.000,-0.022,-0.028,0.000
0.04080,-0.010,0.000,-0.005,-0.028,0.000
0.04120,0.000,0.000,0.000,-0.028,0.000
0.04160,-0.027,0.000,-0.013,-0.028,0.000
0.04200,-0.040,0.000,-0.020,-0.028,0.000
0.04240,0.000,0.000,0.000,-0.028,0.000
0.04280,-0.051,0.000,-0.025,-0.028,0.000
0.04320,0.000,0.000,0.000,-0.028,0.000
0.04360,0.000,0.000,0.000,-0.028,0.000
0.04400,0.000,0.000,0.000,-0.028,0.000
0.04440,0.000,0.000,0.000,-0.028,0.000
0.04480,0.000,0.000,0.000,-0.028,0.000
0.04520,0.000,0.000,0.000,-0.028,0.000
0.04560,0.000,0.000,0.000,-0.028,0.000
0.04600,0.000,0.000,0.000,-0.028,0.000
0.04640,0.000,0.000,0.000,-0.028,0.000
0.04680,10.000,0.000,5.000,-0.013,0.000
0.04720,10.000,0.000,5.000,0.016,0.000
0.04760,10.000,0.000,5.000,0.046,0.000
0.04800,10.000,0.000,5.000,0.076,0.000
0.04840,10.000,0.000,5.000,0.106,0.000
0.04880,10.000,0.000,5.000,0.136,0.000
0.04920,10.000,0.000,5.000,0.166,0.000
0.04960,9.225,0.000,4.612,0.194,0.000
0.05000,10.000,0.000,5.000,0.223,0.000
0.05040,9.752,0.000,4.876,0.253,0.000
0.05080,10.000,0.000,5.000,0.282,0.000
0.05120,9.962,0.000,4.981,0.312,0.000
0.05160,10.000,0.000,5.000,0.342,0.000
0.05200,10.000,0.000,5.000,0.372,0.000
0.05240,10.000,0.000,5.000,0.402,0.000
0.05280,10.000,0.000,5.000,0.432,0.000
0.05320,9.811,0.000,4.905,0.462,0.000
0.05360,10.000,0.000,5.000,0.492,0.000
0.05400,9.960,0.000,4.980,0.522,0.000
0.05440,10.000,0.000,5.000,0.552,0.000
0.05480,10.000,0.000,5.000,0.582,0.000
0.05520,10.000,0.000,5.000,0.612,0.000
0.05560,9.997,0.000,4.998,0.642,0.000
0.05600,10.000,0.000,5.000,0.672,0.000
0.05640,10.000,0.000,5.000,0.702,0.000
0.05680,10.000,0.086,4.956,0.732,0.000
0.05720,9.943,0.149,4.897,0.761,0.000
0.05760,9.995,0.108,4.943,0.791,0.000
0.05800,10.000,0.165,4.917,0.820,0.000
0.05840,10.000,0.207,4.896,0.850,0.000
0.05880,10.000,0.150,4.924,0.879,0.000
0.05920,10.000,0.196,4.901,0.909,0.000
0.05960,10.000,0.315,4.842,0.938,0.000
0.06000,10.000,0.316,4.841,0.967,0.000
0.06040,10.000,0.230,4.884,0.996,0.000
0.06080,9.802,0.254,4.774,1.000,0.000
0.06120,10.000,0.271,4.864,1.000,0.000
0.06160,10.000,0.284,4.857,1.000,0.000
0.06200,10.000,0.293,4.853,1.000,0.000
0.06240,10.000,0.213,4.893,1.000,0.000
0.06280,9.999,0.242,4.878,1.000,0.000
0.06320,10.000,0.262,4.868,1.000,0.000
0.06360,10.000,0.277,4.861,1.000,0.000
0.06400,10.000,0.375,4.812,1.000,0.000
0.06440,10.000,0.359,4.820,1.000,0.000
0.06480,10.000,0.348,4.825,1.000,0.000
0.06520,10.000,0.340,4.829,1.000,0.000
0.06560,10.000,0.334,4.832,1.000,0.000
0.06600,10.000,0.329,4.835,1.000,0.000
0.06640,10.000,0.240,4.879,1.000,0.000
0.06680,9.977,0.261,4.857,1.000,0.000
0.06720,10.000,0.363,4.818,1.000,0.000
0.06760,9.780,0.351,4.714,1.000,0.000
0.06800,10.000,0.342,4.828,1.000,0.000
0.06840,10.000,0.335,4.832,1.000,0.000
0.06880,9.979,0.330,4.824,1.000,0.000
0.06920,10.000,0.413,4.793,1.000,0.000
0.06960,9.920,0.387,4.766,1.000,0.000
0.07000,9.922,0.369,4.776,1.000,0.000
0.07040,9.828,0.355,4.736,1.000,0.000
0.07080,9.861,0.258,4.801,1.000,0.000
0.07120,9.716,0.274,4.720,1.000,0.000
0.07160,9.858,0.286,4.785,1.000,0.000
0.07200,9.901,0.295,4.803,1.000,0.000
0.07240,9.897,0.301,4.797,1.000,0.000
0.07280,9.907,0.306,4.800,1.000,0.000
0.07320,9.904,0.309,4.797,1.000,0.000
0.07360,9.938,0.311,4.813,1.000,0.000
0.07400,9.943,0.313,4.815,1.000,0.000
0.07440,9.989,0.314,4.837,1.000,0.000
0.07480,9.926,0.315,4.805,1.000,0.000
0.07520,10.000,0.316,4.841,1.000,0.000
0.07560,9.956,0.316,4.819,1.000,0.000
0.07600,9.949,0.230,4.859,1.000,0.000
0.07640,9.945,0.254,4.845,1.000,0.000
0.07680,9.910,0.271,4.819,1.000,0.000
0.07720,9.963,0.284,4.839,1.000,0.000
0.07760,9.884,0.293,4.795,1.000,0.000
0.07800,9.884,0.213,4.835,1.000,0.000
0.07840,9.990,0.242,4.874,1.000,0.000
0.07880,9.892,0.262,4.814,1.000,0.000
0.07920,9.900,0.191,4.854,1.000,0.000
0.07960,9.912,0.225,4.843,1.000,0.000
0.08000,9.930,0.251,4.839,1.000,0.000
0.08040,9.934,0.269,4.832,1.000,0.000
0.08080,9.909,0.282,4.813,1.000,0.000
0.08120,9.989,0.205,4.891,1.000,0.000
0.08160,9.984,0.149,4.917,1.000,0.000
0.08200,9.979,0.195,4.891,1.000,0.000
0.08240,9.929,0.228,4.850,1.000,0.000
0.08280,9.023,0.253,4.385,1.000,0.000
0.08320,10.000,0.270,4.864,1.000,0.000
0.08360,10.000,0.283,4.858,1.000,0.000
0.08400,9.900,0.379,4.760,1.000,0.000
0.08440,10.000,0.362,4.818,1.000,0.000
0.08480,9.907,0.264,4.821,1.000,0.000
0.08520,9.667,0.192,4.737,1.000,0.000
0.08560,9.896,0.226,4.834,1.000,0.000
0.08600,10.000,0.251,4.874,1.000,0.000
0.08640,9.942,0.269,4.836,1.000,0.000
0.08680,9.997,0.282,4.857,1.000,0.000
0.08720,9.917,0.292,4.812,1.000,0.000
0.08760,9.965,0.299,4.833,1.000,0.000
0.08800,9.874,0.218,4.828,1.000,0.000
0.08840,9.928,0.245,4.841,1.000,0.000
0.08880,9.863,0.265,4.799,1.000,0.000
0.08920,9.902,0.279,4.811,1.000,0.000
0.08960,9.998,0.290,4.854,1.000,0.000
0.09000,9.989,0.297,4.845,1.000,0.000
0.09040,9.936,0.303,4.816,1.000,0.000
0.09080,9.987,0.307,4.840,1.000,0.000
0.09120,9.987,0.310,4.838,1.000,0.000
0.09160,9.953,0.226,4.863,1.000,0.000
0.09200,9.961,0.251,4.855,1.000,0.000
0.09240,9.946,0.269,4.838,1.000,0.000
0.09280,9.996,0.282,4.857,1.000,0.000
0.09320,9.957,0.292,4.832,1.000,0.000
0.09360,9.893,0.299,4.796,1.000,0.000
0.09400,9.931,0.304,4.813,1.000,0.000
0.09440,10.000,0.221,4.889,1.000,0.000
0.09480,9.971,0.248,4.861,1.000,0.000
0.09520,9.977,0.267,4.855,1.000,0.000
0.09560,10.000,0.281,4.859,1.000,0.000
0.09600,10.000,0.377,4.811,1.000,0.000
0.09640,10.000,0.361,4.819,1.000,0.000
0.09680,9.926,0.349,4.788,1.000,0.000
0.09720,9.978,0.341,4.818,1.000,0.000
0.09760,9.976,0.334,4.820,1.000,0.000
0.09800,9.959,0.330,4.814,1.000,0.000
0.09840,9.997,0.240,4.878,1.000,0.000
0.09880,10.000,0.261,4.869,1.000,0.000
0.09920,10.000,0.277,4.861,1.000,0.000
0.09960,10.000,0.288,4.855,1.000,0.000
0.10000,10.000,0.296,4.851,1.000,0.000
0.10040,9.953,0.302,4.825,1.000,0.000
0.10080,9.937,0.393,4.772,1.000,0.000
0.10120,10.000,0.372,4.813,1.000,0.000
0.10160,9.969,0.358,4.805,1.000,0.000
0.10200,9.988,0.433,4.777,1.000,0.000
0.10240,9.975,0.488,4.743,1.000,0.000
0.10280,10.000,0.442,4.778,1.000,0.000
0.10320,10.000,0.322,4.838,1.000,0.000
0.10360,9.997,0.321,4.838,1.000,0.000
0.10400,10.000,0.320,4.839,1.000,0.000
0.10440,10.000,0.319,4.840,1.000,0.000
0.10480,10.000,0.405,4.797,1.000,0.000
0.10520,10.000,0.382,4.808,1.000,0.000
0.10560,9.931,0.364,4.783,1.000,0.000
0.10600,10.000,0.438,4.780,1.000,0.000
0.10640,9.987,0.405,4.790,1.000,0.000
0.10680,10.000,0.382,4.808,1.000,0.000
0.10720,10.000,0.364,4.817,1.000,0.000
0.10760,9.948,0.352,4.798,1.000,0.000
0.10800,9.987,0.429,4.778,1.000,0.000
0.10840,10.000,0.485,4.757,1.000,0.000
0.10880,10.000,0.440,4.779,1.000,0.000
0.10920,9.970,0.320,4.825,1.000,0.000
0.10960,9.973,0.320,4.826,1.000,0.000
0.11000,9.987,0.405,4.790,1.000,0.000
0.11040,10.000,0.468,4.765,1.000,0.000
0.11080,10.000,0.427,4.786,1.000,0.000
0.11120,9.923,0.398,4.762,1.000,0.000
0.11160,9.980,0.376,4.802,1.000,0.000
0.11200,10.000,0.360,4.819,1.000,0.000
0.11240,10.000,0.349,4.825,1.000,0.000
0.11280,9.960,0.340,4.810,1.000,0.000
0.11320,10.000,0.334,4.832,1.000,0.000
0.11360,10.000,0.416,4.791,1.000,0.000
0.11400,9.956,0.476,4.740,1.000,0.000
0.11440,10.000,0.433,4.783,1.000,0.000
0.11480,9.977,0.402,4.787,1.000,0.000
0.11520,9.963,0.379,4.792,1.000,0.000
0.11560,9.979,0.362,4.808,1.000,0.000
0.11600,9.957,0.350,4.803,1.000,0.000
0.11640,10.000,0.428,4.785,1.000,0.000
0.11680,10.000,0.398,4.800,1.000,0.000
0.11720,10.000,0.376,4.811,1.000,0.000
0.11760,9.982,0.447,4.767,1.000,0.000
0.11800,10.000,0.412,4.793,1.000,0.000
0.11840,10.000,0.386,4.806,1.000,0.000
0.11880,10.000,0.454,4.772,1.000,0.000
0.11920,10.000,0.417,4.791,1.000,0.000
0.11960,10.000,0.390,4.804,1.000,0.000
0.12000,10.000,0.457,4.771,1.000,0.000
0.12040,10.000,0.506,4.746,1.000,0.000
0.12080,9.952,0.455,4.748,1.000,0.000
0.12120,10.000,0.417,4.791,1.000,0.000
0.12160,10.000,0.477,4.761,1.000,0.000
0.12200,9.964,0.520,4.722,1.000,0.000
0.12240,9.992,0.465,4.763,1.000,0.000
0.12280,10.000,0.425,4.787,1.000,0.000
0.12320,9.966,0.482,4.741,1.000,0.000
0.12360,10.000,0.438,4.780,1.000,0.000
0.12400,10.000,0.492,4.753,1.000,0.000
0.12440,9.988,0.531,4.728,1.000,0.000
0.12480,10.000,0.473,4.763,1.000,0.000
0.12520,9.979,0.431,4.773,1.000,0.000
0.12560,10.000,0.400,4.799,1.000,0.000
0.12600,9.966,0.464,4.751,1.000,0.000
0.12640,9.955,0.511,4.722,1.000,0.000
0.12680,10.000,0.458,4.770,1.000,0.000
0.12720,9.955,0.420,4.767,1.000,0.000
0.12760,9.916,0.479,4.718,1.000,0.000
0.12800,9.973,0.522,4.725,1.000,0.000
0.12840,9.970,0.466,4.751,1.000,0.000
0.12880,10.000,0.426,4.786,1.000,0.000
0.12920,10.000,0.483,4.758,1.000,0.000
0.12960,9.989,0.525,4.732,1.000,0.000
0.13000,9.952,0.555,4.698,1.000,0.000
0.13040,9.954,0.490,4.731,1.000,0.000
0.13080,9.930,0.444,4.743,1.000,0.000
0.13120,9.962,0.496,4.733,1.000,0.000
0.13160,10.000,0.534,4.732,1.000,0.000
0.13200,10.000,0.475,4.762,1.000,0.000
0.13240,9.996,0.433,4.781,1.000,0.000
0.13280,9.975,0.488,4.743,1.000,0.000
0.13320,10.000,0.528,4.735,1.000,0.000
0.13360,10.000,0.557,4.721,1.000,0.000
0.13400,9.923,0.579,4.672,1.000,0.000
0.13440,9.987,0.594,4.696,1.000,0.000
0.13480,9.946,0.606,4.670,1.000,0.000
0.13520,10.000,0.528,4.735,1.000,0.000
0.13560,10.000,0.471,4.764,1.000,0.000
0.13600,9.997,0.516,4.740,1.000,0.000
0.13640,9.981,0.548,4.716,1.000,0.000
0.13680,9.978,0.572,4.702,1.000,0.000
0.13720,10.000,0.589,4.705,1.000,0.000
0.13760,9.984,0.602,4.691,1.000,0.000
0.13800,10.000,0.525,4.737,1.000,0.000
0.13840,9.994,0.469,4.762,1.000,0.000
0.13880,9.978,0.514,4.731,1.000,0.000
0.13920,9.991,0.547,4.721,1.000,0.000
0.13960,9.984,0.571,4.706,1.000,0.000
0.14000,10.000,0.589,4.705,1.000,0.000
0.14040,10.000,0.602,4.698,1.000,0.000
0.14080,9.983,0.698,4.642,1.000,0.000
0.14120,9.972,0.681,4.645,1.000,0.000
0.14160,9.994,0.582,4.705,1.000,0.000
0.14200,10.000,0.597,4.701,1.000,0.000
0.14240,10.000,0.608,4.695,1.000,0.000
0.14280,10.000,0.615,4.692,1.000,0.000
0.14320,10.000,0.621,4.689,1.000,0.000
0.14360,9.980,0.625,4.677,1.000,0.000
0.14400,10.000,0.628,4.685,1.000,0.000
0.14440,9.991,0.630,4.680,1.000,0.000
0.14480,9.822,0.632,4.595,1.000,0.000
0.14520,10.000,0.633,4.683,1.000,0.000
0.14560,10.000,0.547,4.726,1.000,0.000
0.14600,9.989,0.485,4.752,1.000,0.000
0.14640,10.000,0.526,4.736,1.000,0.000
0.14680,10.000,0.556,4.721,1.000,0.000
0.14720,10.000,0.578,4.710,1.000,0.000
0.14760,9.961,0.594,4.683,1.000,0.000
0.14800,9.955,0.605,4.675,1.000,0.000
0.14840,10.000,0.614,4.692,1.000,0.000
0.14880,9.994,0.706,4.644,1.000,0.000
0.14920,10.000,0.774,4.612,1.000,0.000
0.14960,9.972,0.650,4.661,1.000,0.000
0.15000,10.000,0.560,4.719,1.000,0.000
0.15040,9.994,0.580,4.706,1.000,0.000
0.15080,10.000,0.596,4.701,1.000,0.000
0.15120,9.971,0.607,4.682,1.000,0.000
0.15160,9.977,0.615,4.681,1.000,0.000
0.15200,10.000,0.620,4.689,1.000,0.000
0.15240,9.947,0.625,4.661,1.000,0.000
0.15280,9.957,0.628,4.664,1.000,0.000
0.15320,10.000,0.630,4.684,1.000,0.000
0.15360,9.938,0.632,4.653,1.000,0.000
0.15400,10.000,0.719,4.640,1.000,0.000
0.15440,10.000,0.783,4.608,1.000,0.000
0.15480,9.909,0.743,4.582,1.000,0.000
0.15520,10.000,0.628,4.685,1.000,0.000
0.15560,9.924,0.544,4.690,1.000,0.000
0.15600,9.991,0.569,4.711,1.000,0.000
0.15640,10.000,0.673,4.663,1.000,0.000
0.15680,9.325,0.750,4.287,1.000,0.000
0.15720,9.835,0.719,4.558,1.000,0.000
0.15760,10.000,0.696,4.651,1.000,0.000
0.15800,9.956,0.680,4.637,1.000,0.000
0.15840,10.000,0.668,4.665,1.000,0.000
0.15880,9.941,0.659,4.640,1.000,0.000
0.15920,10.000,0.653,4.673,1.000,0.000
0.15960,9.316,0.648,4.333,1.000,0.000
0.16000,10.000,0.645,4.677,1.000,0.000
0.16040,10.000,0.643,4.678,1.000,0.000
0.16080,9.998,0.641,4.678,1.000,0.000
0.16120,10.000,0.640,4.679,1.000,0.000
0.16160,9.991,0.639,4.676,1.000,0.000
0.16200,10.000,0.638,4.680,1.000,0.000
0.16240,10.000,0.637,4.681,1.000,0.000
0.16280,10.000,0.637,4.681,1.000,0.000
0.16320,9.361,0.637,4.361,1.000,0.000
0.16360,10.000,0.723,4.638,1.000,0.000
0.16400,9.722,0.699,4.511,1.000,0.000
0.16440,10.000,0.682,4.658,1.000,0.000
0.16480,9.867,0.670,4.598,1.000,0.000
0.16520,9.984,0.661,4.661,1.000,0.000
0.16560,9.938,0.740,4.598,1.000,0.000
0.16600,10.000,0.712,4.643,1.000,0.000
0.16640,9.994,0.691,4.651,1.000,0.000
0.16680,9.679,0.676,4.501,1.000,0.000
0.16720,10.000,0.665,4.667,1.000,0.000
0.16760,9.889,0.744,4.572,1.000,0.000
0.16800,10.000,0.715,4.642,1.000,0.000
0.16840,9.931,0.693,4.619,1.000,0.000
0.16880,9.955,0.764,4.595,1.000,0.000
0.16920,9.982,0.729,4.626,1.000,0.000
0.16960,10.000,0.704,4.647,1.000,0.000
0.17000,9.993,0.686,4.653,1.000,0.000
0.17040,10.000,0.672,4.663,1.000,0.000
0.17080,9.983,0.749,4.617,1.000,0.000
0.17120,10.000,0.718,4.640,1.000,0.000
0.17160,9.994,0.696,4.649,1.000,0.000
0.17200,10.000,0.766,4.616,1.000,0.000
0.17240,9.692,0.731,4.480,1.000,0.000
0.17280,10.000,0.792,4.603,1.000,0.000
0.17320,10.000,0.836,4.581,1.000,0.000
0.17360,10.000,0.782,4.608,1.000,0.000
0.17400,10.000,0.742,4.628,1.000,0.000
0.17440,10.000,0.713,4.643,1.000,0.000
0.17480,10.000,0.779,4.610,1.000,0.000
0.17520,10.000,0.826,4.586,1.000,0.000
0.17560,10.000,0.775,4.612,1.000,0.000
0.17600,9.976,0.824,4.576,1.000,0.000
0.17640,10.000,0.859,4.570,1.000,0.000
0.17680,10.000,0.799,4.600,1.000,0.000
0.17720,10.000,0.754,4.622,1.000,0.000
0.17760,9.936,0.722,4.606,1.000,0.000
0.17800,9.952,0.785,4.583,1.000,0.000
0.17840,10.000,0.831,4.584,1.000,0.000
0.17880,10.000,0.778,4.610,1.000,0.000
0.17920,10.000,0.826,4.586,1.000,0.000
0.17960,10.000,0.861,4.569,1.000,0.000
0.18000,9.944,0.800,4.572,1.000,0.000
0.18040,9.421,0.842,4.289,1.000,0.000
0.18080,10.000,0.872,4.563,1.000,0.000
0.18120,9.784,0.808,4.488,1.000,0.000
0.18160,9.965,0.762,4.601,1.000,0.000
0.18200,9.933,0.727,4.602,1.000,0.000
0.18240,10.000,0.789,4.605,1.000,0.000
0.18280,9.917,0.834,4.541,1.000,0.000
0.18320,8.628,0.780,3.923,1.000,0.000
0.18360,10.000,0.741,4.629,1.000,0.000
0.18400,10.000,0.799,4.600,1.000,0.000
0.18440,9.967,0.841,4.562,1.000,0.000
0.18480,10.000,0.786,4.606,1.000,0.000
0.18520,9.914,0.745,4.584,1.000,0.000
0.18560,10.000,0.802,4.598,1.000,0.000
0.18600,10.000,0.843,4.578,1.000,0.000
0.18640,10.000,0.787,4.606,1.000,0.000
0.18680,9.474,0.832,4.320,1.000,0.000
0.18720,9.983,0.866,4.558,1.000,0.000
0.18760,10.000,0.803,4.598,1.000,0.000
0.18800,10.000,0.758,4.620,1.000,0.000
0.18840,10.000,0.811,4.594,1.000,0.000
0.18880,9.986,0.850,4.567,1.000,0.000
0.18920,10.000,0.878,4.560,1.000,0.000
0.18960,9.960,0.899,4.530,1.000,0.000
0.19000,9.426,0.914,4.255,1.000,0.000
0.19040,10.000,0.839,4.580,1.000,0.000
0.19080,10.000,0.784,4.607,1.000,0.000
0.19120,10.000,0.916,4.541,1.000,0.000
0.19160,10.000,0.927,4.536,1.000,0.000
0.19200,9.950,0.848,4.551,1.000,0.000
0.19240,10.000,0.877,4.561,1.000,0.000
0.19280,9.991,0.898,4.546,1.000,0.000
0.19320,10.000,0.913,4.543,1.000,0.000
0.19360,10.000,0.924,4.537,1.000,0.000
0.19400,9.932,0.933,4.499,1.000,0.000
0.19440,9.991,0.938,4.526,1.000,0.000
0.19480,10.000,0.943,4.528,1.000,0.000
0.19520,9.977,0.946,4.515,1.000,0.000
0.19560,10.000,0.862,4.568,1.000,0.000
0.19600,9.963,0.801,4.581,1.000,0.000
0.19640,9.974,0.842,4.565,1.000,0.000
0.19680,10.000,0.873,4.563,1.000,0.000
0.19720,9.985,0.895,4.544,1.000,0.000
0.19760,9.769,0.911,4.428,1.000,0.000
0.19800,10.000,0.923,4.538,1.000,0.000
0.19840,10.000,0.931,4.534,1.000,0.000
0.19880,10.000,0.851,4.574,1.000,0.000
0.19920,10.000,0.879,4.560,1.000,0.000
0.19960,10.000,0.900,4.549,1.000,0.000
0.20000,10.000,0.915,4.542,1.000,0.000
0.20040,10.000,0.925,4.537,1.000,0.000
0.20080,10.000,0.933,4.533,1.000,0.000
0.20120,9.986,0.939,4.523,1.000,0.000
0.20160,10.000,0.857,4.571,1.000,0.000
0.20200,9.983,0.797,4.593,1.000,0.000
0.20240,9.996,0.840,4.578,1.000,0.000
0.20280,10.000,0.871,4.564,1.000,0.000
0.20320,9.562,0.893,4.334,1.000,0.000
0.20360,10.000,0.910,4.544,1.000,0.000
0.20400,10.000,0.922,4.538,1.000,0.000
0.20440,9.958,0.931,4.513,1.000,0.000
0.20480,10.000,0.937,4.531,1.000,0.000
0.20520,9.968,0.942,4.513,1.000,0.000
0.20560,10.000,0.945,4.527,1.000,0.000
0.20600,10.000,0.948,4.525,1.000,0.000
0.20640,10.000,0.950,4.524,1.000,0.000
0.20680,9.968,1.037,4.465,1.000,0.000
0.20720,10.000,1.015,4.492,1.000,0.000
0.20760,9.975,0.912,4.531,1.000,0.000
0.20800,9.937,0.923,4.506,1.000,0.000
0.20840,9.971,0.932,4.519,1.000,0.000
0.20880,9.681,0.938,4.371,1.000,0.000
0.20920,10.000,0.942,4.528,1.000,0.000
0.20960,9.981,0.859,4.560,1.000,0.000
0.21000,9.926,0.885,4.520,1.000,0.000
0.21040,10.000,0.904,4.547,1.000,0.000
0.21080,9.921,0.918,4.501,1.000,0.000
0.21120,10.000,1.014,4.492,1.000,0.000
0.21160,9.928,0.998,4.465,1.000,0.000
0.21200,9.939,0.986,4.476,1.000,0.000
0.21240,9.980,1.064,4.458,1.000,0.000
0.21280,9.962,1.034,4.463,1.000,0.000
0.21320,9.915,1.013,4.451,1.000,0.000
0.21360,9.945,1.083,4.431,1.000,0.000
0.21400,9.926,1.048,4.439,1.000,0.000
0.21440,9.941,1.023,4.459,1.000,0.000
0.21480,9.964,1.004,4.479,1.000,0.000
0.21520,9.976,0.991,4.492,1.000,0.000
0.21560,9.985,1.067,4.458,1.000,0.000
0.21600,9.990,1.037,4.476,1.000,0.000
0.21640,9.994,0.928,4.532,1.000,0.000
0.21680,9.996,0.935,4.530,1.000,0.000
0.21720,9.997,1.027,4.485,1.000,0.000
0.21760,9.998,1.094,4.452,1.000,0.000
0.21800,9.999,1.056,4.471,1.000,0.000
0.21840,9.999,1.028,4.485,1.000,0.000
0.21880,10.000,1.095,4.452,1.000,0.000
0.21920,9.993,1.057,4.468,1.000,0.000
0.21960,9.823,0.942,4.440,1.000,0.000
0.22000,10.000,0.946,4.526,1.000,0.000
0.22040,9.924,1.034,4.444,1.000,0.000
0.22080,10.000,1.099,4.450,1.000,0.000
0.22120,9.967,1.060,4.453,1.000,0.000
0.22160,10.000,1.031,4.484,1.000,0.000
0.22200,9.981,1.010,4.485,1.000,0.000
0.22240,9.868,0.995,4.436,1.000,0.000
0.22280,9.995,0.984,4.505,1.000,0.000
0.22320,9.944,0.976,4.483,1.000,0.000
0.22360,9.999,1.057,4.471,1.000,0.000
0.22400,9.976,1.029,4.473,1.000,0.000
0.22440,10.000,0.922,4.538,1.000,0.000
0.22480,9.989,0.931,4.529,1.000,0.000
0.22520,10.000,0.937,4.531,1.000,0.000
0.22560,9.995,0.942,4.526,1.000,0.000
0.22600,10.000,0.945,4.527,1.000,0.000
0.22640,9.998,0.948,4.524,1.000,0.000
0.22680,10.000,1.036,4.481,1.000,0.000
0.22720,9.999,1.014,4.492,1.000,0.000
0.22760,10.000,0.998,4.500,1.000,0.000
0.22800,9.999,1.072,4.463,1.000,0.000
0.22840,10.000,1.127,4.436,1.000,0.000
0.22880,9.999,1.080,4.459,1.000,0.000
0.22920,10.000,0.959,4.520,1.000,0.000
0.22960,9.999,0.958,4.520,1.000,0.000
0.23000,10.000,1.044,4.477,1.000,0.000
0.23040,9.999,1.019,4.490,1.000,0.000
0.23080,10.000,1.002,4.498,1.000,0.000
0.23120,9.999,1.075,4.462,1.000,0.000
0.23160,10.000,1.129,4.435,1.000,0.000
0.23200,9.999,1.082,4.458,1.000,0.000
0.23240,10.000,1.047,4.476,1.000,0.000
0.23280,9.999,1.022,4.488,1.000,0.000
0.23320,10.000,1.090,4.454,1.000,0.000
0.23360,9.999,1.140,4.429,1.000,0.000
0.23400,10.000,1.089,4.455,1.000,0.000
0.23440,10.000,1.139,4.430,1.000,0.000
0.23480,10.000,1.089,4.455,1.000,0.000
0.23520,10.000,1.052,4.473,1.000,0.000
0.23560,10.000,1.112,4.443,1.000,0.000
0.23600,10.000,1.069,4.465,1.000,0.000
0.23640,10.000,1.038,4.480,1.000,0.000
0.23680,10.000,1.102,4.448,1.000,0.000
0.23720,10.000,1.062,4.468,1.000,0.000
0.23760,10.000,1.033,4.483,1.000,0.000
0.23800,10.000,1.098,4.450,1.000,0.000
0.23840,10.000,1.145,4.427,1.000,0.000
0.23880,10.000,1.093,4.453,1.000,0.000
0.23920,10.000,1.056,4.471,1.000,0.000
0.23960,10.000,1.115,4.442,1.000,0.000
0.24000,10.000,1.158,4.420,1.000,0.000
0.24040,10.000,1.102,4.448,1.000,0.000
0.24080,10.000,1.062,4.468,1.000,0.000
0.24120,10.000,1.119,4.440,1.000,0.000
0.24160,10.000,1.075,4.462,1.000,0.000
0.24200,10.000,0.956,4.521,1.000,0.000
0.24240,10.000,0.955,4.522,1.000,0.000
0.24280,10.000,1.041,4.479,1.000,0.000
0.24320,10.000,1.018,4.490,1.000,0.000
0.24360,10.000,0.828,4.585,1.000,0.000
0.24400,10.000,0.776,4.611,1.000,0.000
0.24440,10.000,0.911,4.544,1.000,0.000
0.24480,10.000,1.009,4.495,1.000,0.000
0.24520,10.000,0.994,4.502,1.000,0.000
0.24560,10.000,0.983,4.508,1.000,0.000
0.24600,10.000,0.975,4.512,1.000,0.000
0.24640,10.000,0.970,4.514,1.000,0.000
0.24680,10.000,1.052,4.473,1.000,0.000
0.24720,10.000,1.112,4.443,1.000,0.000
0.24760,10.000,1.156,4.421,1.000,0.000
0.24800,10.000,1.101,4.449,1.000,0.000
0.24840,10.000,1.061,4.469,1.000,0.000
0.24880,10.000,1.119,4.440,1.000,0.000
0.24920,10.000,1.160,4.419,1.000,0.000
0.24960,10.000,1.105,4.447,1.000,0.000
0.25000,10.000,1.064,4.467,1.000,0.000
0.25040,10.000,1.034,4.482,1.000,0.000
0.25080,10.000,1.012,4.493,1.000,0.000
0.25120,10.000,1.083,4.458,1.000,0.000
0.25160,10.000,1.135,4.432,1.000,0.000
0.25200,10.000,1.086,4.456,1.000,0.000
0.25240,10.000,1.050,4.474,1.000,0.000
0.25280,10.000,1.110,4.444,1.000,0.000
0.25320,10.000,1.155,4.422,1.000,0.000
0.25360,10.000,1.187,4.406,1.000,0.000
0.25400,10.000,1.124,4.437,1.000,0.000
0.25440,10.000,1.078,4.460,1.000,0.000
0.25480,10.000,1.131,4.434,1.000,0.000
0.25520,10.000,1.169,4.415,1.000,0.000
0.25560,10.000,1.197,4.401,1.000,0.000
0.25600,10.000,1.131,4.434,1.000,0.000
0.25640,10.000,1.083,4.458,1.000,0.000
0.25680,10.000,1.135,4.432,1.000,0.000
0.25720,10.000,1.172,4.413,1.000,0.000
0.25760,10.000,1.113,4.443,1.000,0.000
0.25800,10.000,1.156,4.421,1.000,0.000
0.25840,10.000,1.188,4.405,1.000,0.000
0.25880,10.000,1.125,4.437,1.000,0.000
0.25920,10.000,1.078,4.460,1.000,0.000
0.25960,10.000,1.045,4.477,1.000,0.000
0.26000,10.000,1.020,4.489,1.000,0.000
0.26040,10.000,1.002,4.498,1.000,0.000
0.26080,10.000,1.076,4.461,1.000,0.000
0.26120,10.000,1.043,4.478,1.000,0.000
0.26160,10.000,1.019,4.490,1.000,0.000
0.26200,10.000,1.088,4.455,1.000,0.000
0.26240,10.000,1.138,4.430,1.000,0.000
0.26280,10.000,1.175,4.412,1.000,0.000
0.26320,10.000,1.115,4.442,1.000,0.000
0.26360,10.000,0.985,4.507,1.000,0.000
0.26400,10.000,1.063,4.468,1.000,0.000
0.26440,10.000,1.120,4.439,1.000,0.000
0.26480,10.000,1.075,4.462,1.000,0.000
0.26520,10.000,1.042,4.478,1.000,0.000
0.26560,10.000,1.018,4.490,1.000,0.000
0.26600,10.000,1.087,4.456,1.000,0.000
0.26640,10.000,1.138,4.430,1.000,0.000
0.26680,10.000,1.088,4.455,1.000,0.000
0.26720,10.000,1.052,4.473,1.000,0.000
0.26760,10.000,1.025,4.487,1.000,0.000
0.26800,10.000,1.006,4.496,1.000,0.000
0.26840,10.000,1.078,4.460,1.000,0.000
0.26880,10.000,1.131,4.434,1.000,0.000
0.26920,10.000,1.170,4.414,1.000,0.000
0.26960,10.000,1.198,4.400,1.000,0.000
0.27000,10.000,1.132,4.433,1.000,0.000
0.27040,10.000,1.083,4.458,1.000,0.000
0.27080,10.000,1.135,4.432,1.000,0.000
0.27120,10.000,1.172,4.413,1.000,0.000
0.27160,10.000,1.113,4.443,1.000,0.000
0.27200,10.000,1.070,4.464,1.000,0.000
0.27240,10.000,1.125,4.437,1.000,0.000
0.27280,10.000,1.165,4.417,1.000,0.000
0.27320,10.000,1.108,4.445,1.000,0.000
0.27360,10.000,1.066,4.466,1.000,0.000
0.27400,10.000,1.122,4.438,1.000,0.000
0.27440,10.000,1.163,4.418,1.000,0.000
0.27480,10.000,1.106,4.446,1.000,0.000
0.27520,10.000,1.065,4.467,1.000,0.000
0.27560,10.000,1.122,4.438,1.000,0.000
0.27600,10.000,1.076,4.461,1.000,0.000
0.27640,10.000,1.043,4.478,1.000,0.000
0.27680,10.000,1.105,4.447,1.000,0.000
0.27720,10.000,1.151,4.424,1.000,0.000
0.27760,10.000,1.184,4.407,1.000,0.000
0.27800,10.000,1.122,4.438,1.000,0.000
0.27840,10.000,1.076,4.461,1.000,0.000
0.27880,10.000,1.130,4.434,1.000,0.000
0.27920,10.000,1.168,4.415,1.000,0.000
0.27960,10.000,1.110,4.444,1.000,0.000
0.28000,10.000,0.982,4.508,1.000,0.000
0.28040,10.000,0.974,4.512,1.000,0.000
0.28080,10.000,1.055,4.472,1.000,0.000
0.28120,10.000,1.114,4.442,1.000,0.000
0.28160,10.000,1.157,4.421,1.000,0.000
0.28200,10.000,1.189,4.405,1.000,0.000
0.28240,10.000,1.125,4.437,1.000,0.000
0.28280,10.000,1.079,4.460,1.000,0.000
0.28320,10.000,1.131,4.434,1.000,0.000
0.28360,10.000,1.083,4.458,1.000,0.000
0.28400,10.000,1.048,4.475,1.000,0.000
0.28440,10.000,1.023,4.488,1.000,0.000
0.28480,10.000,1.004,4.497,1.000,0.000
0.28520,10.000,1.164,4.417,1.000,0.000
0.28560,10.000,1.280,4.359,1.000,0.000
0.28600,10.000,1.191,4.404,1.000,0.000
0.28640,10.000,1.127,4.436,1.000,0.000
0.28680,10.000,1.167,4.416,1.000,0.000
0.28720,10.000,1.195,4.402,1.000,0.000
0.28760,10.000,1.216,4.391,1.000,0.000
0.28800,10.000,1.145,4.427,1.000,0.000
0.28840,10.000,1.093,4.453,1.000,0.000
0.28880,10.000,1.229,4.385,1.000,0.000
0.28920,10.000,1.241,4.379,1.000,0.000
0.28960,10.000,1.076,4.461,1.000,0.000
0.29000,10.000,1.043,4.478,1.000,0.000
0.29040,10.000,1.106,4.446,1.000,0.000
0.29080,10.000,1.151,4.424,1.000,0.000
0.29120,10.000,1.184,4.407,1.000,0.000
0.29160,10.000,1.208,4.395,1.000,0.000
0.29200,10.000,1.312,4.343,1.000,0.000
0.29240,10.000,1.301,4.349,1.000,0.000
0.29280,10.000,1.121,4.439,1.000,0.000
0.29320,10.000,1.162,4.418,1.000,0.000
0.29360,10.000,1.278,4.360,1.000,0.000
0.29400,10.000,1.277,4.361,1.000,0.000
0.29440,10.000,1.189,4.405,1.000,0.000
0.29480,10.000,1.126,4.436,1.000,0.000
0.29520,10.000,1.166,4.416,1.000,0.000
0.29560,10.000,1.195,4.402,1.000,0.000
0.29600,10.000,1.216,4.391,1.000,0.000
0.29640,10.000,1.231,4.384,1.000,0.000
0.29680,10.000,1.243,4.378,1.000,0.000
0.29720,10.000,1.251,4.374,1.000,0.000
0.29760,10.000,1.170,4.414,1.000,0.000
0.29800,10.000,1.112,4.443,1.000,0.000
0.29840,10.000,1.069,4.465,1.000,0.000
0.29880,10.000,1.038,4.480,1.000,0.000
0.29920,10.000,1.102,4.448,1.000,0.000
0.29960,10.000,1.148,4.425,1.000,0.000
0.30000,10.000,1.182,4.408,1.000,0.000
0.30040,10.000,1.293,4.353,1.000,0.000
0.30080,10.000,1.287,4.356,1.000,0.000
0.30120,10.000,1.197,4.401,1.000,0.000
0.30160,10.000,1.218,4.390,1.000,0.000
0.30200,10.000,1.233,4.383,1.000,0.000
0.30240,10.000,1.243,4.378,1.000,0.000
0.30280,10.000,1.251,4.374,1.000,0.000
0.30320,10.000,1.257,4.371,1.000,0.000
0.30360,10.000,1.175,4.412,1.000,0.000
0.30400,10.000,1.115,4.442,1.000,0.000
0.30440,10.000,1.158,4.420,1.000,0.000
0.30480,10.000,1.189,4.405,1.000,0.000
0.30520,10.000,1.212,4.393,1.000,0.000
0.30560,10.000,1.228,4.385,1.000,0.000
0.30600,10.000,1.240,4.379,1.000,0.000
0.30640,10.000,1.249,4.375,1.000,0.000
0.30680,10.000,1.256,4.371,1.000,0.000
0.30720,10.000,1.260,4.369,1.000,0.000
0.30760,10.000,1.264,4.367,1.000,0.000
0.30800,10.000,1.352,4.323,1.000,0.000
0.30840,10.000,1.331,4.334,1.000,0.000
0.30880,10.000,1.315,4.342,1.000,0.000
0.30920,10.000,1.304,4.347,1.000,0.000
0.30960,10.000,1.209,4.395,1.000,0.000
0.31000,10.000,1.226,4.386,1.000,0.000
0.31040,10.000,1.239,4.380,1.000,0.000
0.31080,10.000,1.334,4.332,1.000,0.000
0.31120,10.000,1.404,4.297,1.000,0.000
0.31160,10.000,1.368,4.315,1.000,0.000
0.31200,10.000,1.342,4.328,1.000,0.000
0.31240,10.000,1.323,4.338,1.000,0.000
0.31280,10.000,1.310,4.344,1.000,0.000
0.31320,10.000,1.300,4.349,1.000,0.000
0.31360,10.000,1.292,4.353,1.000,0.000
0.31400,10.000,1.287,4.356,1.000,0.000
0.31440,10.000,1.283,4.358,1.000,0.000
0.31480,10.000,1.194,4.402,1.000,0.000
0.31520,10.000,1.129,4.435,1.000,0.000
0.31560,10.000,1.168,4.415,1.000,0.000
0.31600,10.000,1.196,4.401,1.000,0.000
0.31640,10.000,1.304,4.347,1.000,0.000
0.31680,10.000,1.295,4.352,1.000,0.000
0.31720,10.000,1.203,4.398,1.000,0.000
0.31760,10.000,1.222,4.388,1.000,0.000
0.31800,10.000,1.236,4.381,1.000,0.000
0.31840,10.000,1.246,4.376,1.000,0.000
0.31880,10.000,1.253,4.373,1.000,0.000
0.31920,10.000,1.345,4.327,1.000,0.000
0.31960,10.000,1.325,4.337,1.000,0.000
0.32000,10.000,1.225,4.387,1.000,0.000
0.32040,10.000,1.238,4.380,1.000,0.000
0.32080,10.000,1.247,4.376,1.000,0.000
0.32120,10.000,1.254,4.372,1.000,0.000
0.32160,10.000,1.259,4.370,1.000,0.000
0.32200,10.000,1.263,4.368,1.000,0.000
0.32240,10.000,1.352,4.323,1.000,0.000
0.32280,10.000,1.417,4.291,1.000,0.000
0.32320,10.000,1.378,4.310,1.000,0.000
0.32360,10.000,1.263,4.368,1.000,0.000
0.32400,10.000,1.265,4.367,1.000,0.000
0.32440,10.000,1.354,4.322,1.000,0.000
0.32480,10.000,1.332,4.333,1.000,0.000
0.32520,10.000,1.316,4.341,1.000,0.000
0.32560,10.000,1.304,4.347,1.000,0.000
0.32600,10.000,1.382,4.308,1.000,0.000
0.32640,10.000,1.439,4.280,1.000,0.000
0.32680,10.000,1.394,4.302,1.000,0.000
0.32720,10.000,1.361,4.319,1.000,0.000
0.32760,10.000,1.337,4.331,1.000,0.000
0.32800,10.000,1.319,4.340,1.000,0.000
0.32840,10.000,1.307,4.346,1.000,0.000
0.32880,10.000,1.298,4.350,1.000,0.000
0.32920,10.000,1.291,4.354,1.000,0.000
0.32960,10.000,1.372,4.313,1.000,0.000
0.33000,10.000,1.432,4.283,1.000,0.000
0.33040,10.000,1.389,4.305,1.000,0.000
0.33080,10.000,1.357,4.321,1.000,0.000
0.33120,10.000,1.334,4.332,1.000,0.000
0.33160,10.000,1.317,4.341,1.000,0.000
0.33200,10.000,1.219,4.390,1.000,0.000
0.33240,10.000,1.147,4.426,1.000,0.000
0.33280,10.000,1.268,4.365,1.000,0.000
0.33320,10.000,1.355,4.322,1.000,0.000
0.33360,10.000,1.333,4.333,1.000,0.000
0.33400,10.000,1.317,4.341,1.000,0.000
0.33440,10.000,1.305,4.347,1.000,0.000
0.33480,10.000,1.382,4.308,1.000,0.000
0.33520,10.000,1.439,4.280,1.000,0.000
0.33560,10.000,1.394,4.302,1.000,0.000
0.33600,10.000,1.361,4.319,1.000,0.000
0.33640,10.000,1.337,4.331,1.000,0.000
0.33680,10.000,1.406,4.296,1.000,0.000
0.33720,10.000,1.456,4.271,1.000,0.000
0.33760,10.000,1.406,4.296,1.000,0.000
0.33800,10.000,1.370,4.314,1.000,0.000
0.33840,10.000,1.430,4.284,1.000,0.000
0.33880,10.000,1.474,4.262,1.000,0.000
0.33920,10.000,1.419,4.290,1.000,0.000
0.33960,10.000,1.379,4.310,1.000,0.000
0.34000,10.000,1.350,4.324,1.000,0.000
0.34040,10.000,1.329,4.335,1.000,0.000
0.34080,10.000,1.314,4.342,1.000,0.000
0.34120,10.000,1.303,4.348,1.000,0.000
0.34160,10.000,1.295,4.352,1.000,0.000
0.34200,10.000,1.375,4.312,1.000,0.000
0.34240,10.000,1.434,4.282,1.000,0.000
0.34280,10.000,1.390,4.304,1.000,0.000
0.34320,10.000,1.358,4.320,1.000,0.000
0.34360,10.000,1.335,4.332,1.000,0.000
0.34400,10.000,1.318,4.340,1.000,0.000
0.34440,10.000,1.306,4.346,1.000,0.000
0.34480,10.000,1.383,4.308,1.000,0.000
0.34520,10.000,1.353,4.323,1.000,0.000
0.34560,10.000,1.331,4.334,1.000,0.000
0.34600,10.000,1.402,4.298,1.000,0.000
0.34640,10.000,1.367,4.316,1.000,0.000
0.34680,10.000,1.341,4.329,1.000,0.000
0.34720,10.000,1.409,4.295,1.000,0.000
0.34760,10.000,1.372,4.313,1.000,0.000
0.34800,10.000,1.259,4.370,1.000,0.000
0.34840,10.000,1.262,4.368,1.000,0.000
0.34880,10.000,1.179,4.410,1.000,0.000
0.34920,10.000,1.031,4.484,1.000,0.000
0.34960,10.000,1.097,4.451,1.000,0.000
0.35000,10.000,1.318,4.340,1.000,0.000
0.35040,10.000,1.392,4.303,1.000,0.000
0.35080,10.000,1.359,4.320,1.000,0.000
0.35120,10.000,1.336,4.331,1.000,0.000
0.35160,10.000,1.405,4.297,1.000,0.000
0.35200,10.000,1.456,4.271,1.000,0.000
0.35240,10.000,1.406,4.296,1.000,0.000
0.35280,10.000,1.370,4.314,1.000,0.000
0.35320,10.000,1.343,4.328,1.000,0.000
0.35360,10.000,1.324,4.337,1.000,0.000
0.35400,10.000,1.310,4.344,1.000,0.000
0.35440,10.000,1.300,4.349,1.000,0.000
0.35480,10.000,1.379,4.310,1.000,0.000
0.35520,10.000,1.437,4.281,1.000,0.000
0.35560,10.000,1.392,4.303,1.000,0.000
0.35600,10.000,1.360,4.319,1.000,0.000
0.35640,10.000,1.336,4.331,1.000,0.000
0.35680,10.000,1.319,4.340,1.000,0.000
0.35720,10.000,1.306,4.346,1.000,0.000
0.35760,10.000,1.384,4.307,1.000,0.000
0.35800,10.000,1.440,4.279,1.000,0.000
0.35840,10.000,1.481,4.259,1.000,0.000
0.35880,10.000,1.511,4.244,1.000,0.000
0.35920,10.000,1.446,4.276,1.000,0.000
0.35960,10.000,1.399,4.300,1.000,0.000
0.36000,10.000,1.365,4.317,1.000,0.000
0.36040,10.000,1.340,4.329,1.000,0.000
0.36080,10.000,1.322,4.338,1.000,0.000
0.36120,10.000,1.308,4.345,1.000,0.000
0.36160,10.000,1.385,4.307,1.000,0.000
0.36200,10.000,1.441,4.279,1.000,0.000
0.36240,10.000,1.395,4.302,1.000,0.000
0.36280,10.000,1.362,4.318,1.000,0.000
0.36320,10.000,1.424,4.287,1.000,0.000
0.36360,10.000,1.469,4.265,1.000,0.000
0.36400,10.000,1.330,4.334,1.000,0.000
0.36440,10.000,1.228,4.385,1.000,0.000
0.36480,10.000,1.240,4.379,1.000,0.000
0.36520,10.000,1.249,4.375,1.000,0.000
0.36560,10.000,1.255,4.372,1.000,0.000
0.36600,10.000,1.260,4.369,1.000,0.000
0.36640,10.000,1.350,4.324,1.000,0.000
0.36680,10.000,1.415,4.292,1.000,0.000
0.36720,10.000,1.377,4.311,1.000,0.000
0.36760,10.000,1.348,4.325,1.000,0.000
0.36800,10.000,1.328,4.335,1.000,0.000
0.36840,10.000,1.399,4.300,1.000,0.000
0.36880,10.000,1.451,4.274,1.000,0.000
0.36920,10.000,1.403,4.298,1.000,0.000
0.36960,10.000,1.368,4.315,1.000,0.000
0.37000,10.000,1.342,4.328,1.000,0.000
0.37040,10.000,1.323,4.338,1.000,0.000
0.37080,10.000,1.396,4.301,1.000,0.000
0.37120,10.000,1.449,4.275,1.000,0.000
0.37160,10.000,1.401,4.299,1.000,0.000
0.37200,10.000,1.366,4.316,1.000,0.000
0.37240,10.000,1.341,4.329,1.000,0.000
0.37280,10.000,1.322,4.338,1.000,0.000
0.37320,10.000,1.309,4.345,1.000,0.000
0.37360,10.000,1.472,4.263,1.000,0.000
0.37400,10.000,1.591,4.204,1.000,0.000
0.37440,10.000,1.504,4.247,1.000,0.000
0.37480,10.000,1.441,4.279,1.000,0.000
0.37520,10.000,1.396,4.301,1.000,0.000
0.37560,10.000,1.449,4.275,1.000,0.000
0.37600,10.000,1.487,4.256,1.000,0.000
0.37640,10.000,1.429,4.285,1.000,0.000
0.37680,10.000,1.473,4.263,1.000,0.000
0.37720,10.000,1.505,4.247,1.000,0.000
0.37760,10.000,1.442,4.278,1.000,0.000
0.37800,10.000,1.482,4.258,1.000,0.000
0.37840,10.000,1.512,4.243,1.000,0.000
0.37880,10.000,1.447,4.276,1.000,0.000
0.37920,10.000,1.400,4.299,1.000,0.000
0.37960,10.000,1.365,4.317,1.000,0.000
0.38000,10.000,1.340,4.329,1.000,0.000
0.38040,10.000,1.322,4.338,1.000,0.000
0.38080,10.000,1.395,4.302,1.000,0.000
0.38120,10.000,1.448,4.275,1.000,0.000
0.38160,10.000,1.314,4.342,1.000,0.000
0.38200,10.000,1.303,4.348,1.000,0.000
0.38240,10.000,1.381,4.309,1.000,0.000
0.38280,10.000,1.352,4.323,1.000,0.000
0.38320,10.000,1.330,4.334,1.000,0.000
0.38360,10.000,1.315,4.342,1.000,0.000
0.38400,10.000,1.303,4.348,1.000,0.000
0.38440,10.000,1.381,4.309,1.000,0.000
0.38480,10.000,1.438,4.280,1.000,0.000
0.38520,10.000,1.480,4.259,1.000,0.000
0.38560,10.000,1.510,4.244,1.000,0.000
0.38600,10.000,1.446,4.276,1.000,0.000
0.38640,10.000,1.399,4.300,1.000,0.000
0.38680,10.000,1.364,4.317,1.000,0.000
0.38720,10.000,1.340,4.329,1.000,0.000
0.38760,10.000,1.408,4.295,1.000,0.000
0.38800,10.000,1.458,4.270,1.000,0.000
0.38840,10.000,1.407,4.296,1.000,0.000
0.38880,10.000,1.457,4.271,1.000,0.000
0.38920,10.000,1.494,4.252,1.000,0.000
0.38960,10.000,1.434,4.282,1.000,0.000
0.39000,10.000,1.476,4.261,1.000,0.000
0.39040,10.000,1.507,4.246,1.000,0.000
0.39080,10.000,1.444,4.277,1.000,0.000
0.39120,10.000,1.397,4.301,1.000,0.000
0.39160,10.000,1.363,4.318,1.000,0.000
0.39200,10.000,1.339,4.330,1.000,0.000
0.39240,10.000,1.407,4.296,1.000,0.000
0.39280,10.000,1.457,4.271,1.000,0.000
0.39320,10.000,1.407,4.296,1.000,0.000
0.39360,10.000,1.457,4.271,1.000,0.000
0.39400,10.000,1.493,4.253,1.000,0.000
0.39440,10.000,1.433,4.283,1.000,0.000
0.39480,10.000,1.476,4.261,1.000,0.000
0.39520,10.000,1.507,4.246,1.000,0.000
0.39560,10.000,1.444,4.277,1.000,0.000
0.39600,10.000,1.397,4.301,1.000,0.000
0.39640,10.000,1.450,4.274,1.000,0.000
0.39680,10.000,1.488,4.255,1.000,0.000
0.39720,10.000,1.430,4.284,1.000,0.000
0.39760,10.000,1.387,4.306,1.000,0.000
0.39800,10.000,1.356,4.321,1.000,0.000
0.39840,10.000,1.420,4.289,1.000,0.000
0.39880,10.000,1.466,4.266,1.000,0.000
0.39920,10.000,1.414,4.292,1.000,0.000
0.39960,10.000,1.462,4.268,1.000,0.000
0.40000,10.000,1.497,4.251,1.000,0.000
0.40040,10.000,1.436,4.281,1.000,0.000
0.40080,10.000,1.392,4.303,1.000,0.000
0.40120,10.000,1.359,4.320,1.000,0.000
0.40160,10.000,1.422,4.288,1.000,0.000
0.40200,10.000,1.468,4.265,1.000,0.000
0.40240,10.000,1.415,4.292,1.000,0.000
0.40280,10.000,1.376,4.311,1.000,0.000
0.40320,10.000,1.348,4.325,1.000,0.000
0.40360,10.000,1.414,4.292,1.000,0.000
0.40400,10.000,1.462,4.268,1.000,0.000
0.40440,10.000,1.411,4.294,1.000,0.000
0.40480,10.000,1.460,4.269,1.000,0.000
0.40520,10.000,1.495,4.252,1.000,0.000
0.40560,10.000,1.435,4.282,1.000,0.000
0.40600,10.000,1.391,4.304,1.000,0.000
0.40640,10.000,1.445,4.277,1.000,0.000
0.40680,10.000,1.485,4.257,1.000,0.000
0.40720,10.000,1.427,4.286,1.000,0.000
0.40760,10.000,1.299,4.350,1.000,0.000
0.40800,10.000,1.292,4.353,1.000,0.000
0.40840,10.000,1.373,4.313,1.000,0.000
0.40880,10.000,1.346,4.326,1.000,0.000
0.40920,10.000,1.326,4.336,1.000,0.000
0.40960,10.000,1.311,4.344,1.000,0.000
0.41000,10.000,1.387,4.306,1.000,0.000
0.41040,10.000,1.443,4.278,1.000,0.000
0.41080,10.000,1.483,4.258,1.000,0.000
0.41120,10.000,1.512,4.243,1.000,0.000
0.41160,10.000,1.534,4.232,1.000,0.000
0.41200,10.000,1.549,4.225,1.000,0.000
0.41240,10.000,1.474,4.262,1.000,0.000
0.41280,10.000,1.419,4.290,1.000,0.000
0.41320,10.000,1.380,4.309,1.000,0.000
0.41360,10.000,1.437,4.281,1.000,0.000
0.41400,10.000,1.479,4.260,1.000,0.000
0.41440,10.000,1.423,4.288,1.000,0.000
0.41480,10.000,1.469,4.265,1.000,0.000
0.41520,10.000,1.502,4.248,1.000,0.000
0.41560,10.000,1.526,4.236,1.000,0.000
0.41600,10.000,1.630,4.184,1.000,0.000
0.41640,10.000,1.619,4.190,1.000,0.000
0.41680,10.000,1.525,4.237,1.000,0.000
0.41720,10.000,1.457,4.271,1.000,0.000
0.41760,10.000,1.407,4.296,1.000,0.000
0.41800,10.000,1.457,4.271,1.000,0.000
0.41840,10.000,1.580,4.209,1.000,0.000
0.41880,10.000,1.583,4.208,1.000,0.000
0.41920,10.000,1.499,4.250,1.000,0.000
0.41960,10.000,1.351,4.324,1.000,0.000
0.42000,10.000,1.243,4.378,1.000,0.000
0.42040,10.000,1.338,4.330,1.000,0.000
0.42080,10.000,1.406,4.296,1.000,0.000
0.42120,10.000,1.370,4.314,1.000,0.000
0.42160,10.000,1.430,4.284,1.000,0.000
0.42200,10.000,1.474,4.262,1.000,0.000
0.42240,10.000,1.506,4.246,1.000,0.000
0.42280,10.000,1.529,4.235,1.000,0.000
0.42320,10.000,1.546,4.226,1.000,0.000
0.42360,10.000,1.558,4.220,1.000,0.000
0.42400,10.000,1.567,4.216,1.000,0.000
0.42440,10.000,1.573,4.213,1.000,0.000
0.42480,10.000,1.578,4.210,1.000,0.000
0.42520,10.000,1.582,4.208,1.000,0.000
0.42560,10.000,1.498,4.250,1.000,0.000
0.42600,10.000,1.523,4.238,1.000,0.000
0.42640,10.000,1.542,4.228,1.000,0.000
0.42680,10.000,1.555,4.222,1.000,0.000
0.42720,10.000,1.565,4.217,1.000,0.000
0.42760,10.000,1.572,4.213,1.000,0.000
0.42800,10.000,1.491,4.254,1.000,0.000
0.42840,10.000,1.345,4.327,1.000,0.000
0.42880,10.000,1.412,4.293,1.000,0.000
0.42920,10.000,1.460,4.269,1.000,0.000
0.42960,10.000,1.409,4.295,1.000,0.000
0.43000,10.000,1.459,4.270,1.000,0.000
0.43040,10.000,1.495,4.252,1.000,0.000
0.43080,10.000,1.434,4.282,1.000,0.000
0.43120,10.000,1.477,4.261,1.000,0.000
0.43160,10.000,1.508,4.245,1.000,0.000
0.43200,10.000,1.530,4.234,1.000,0.000
0.43240,10.000,1.547,4.226,1.000,0.000
0.43280,10.000,1.559,4.220,1.000,0.000
0.43320,10.000,1.654,4.172,1.000,0.000
0.43360,10.000,1.637,4.181,1.000,0.000
0.43400,10.000,1.538,4.230,1.000,0.000
0.43440,10.000,1.552,4.223,1.000,0.000
0.43480,10.000,1.563,4.218,1.000,0.000
0.43520,10.000,1.571,4.214,1.000,0.000
0.43560,10.000,1.576,4.211,1.000,0.000
0.43600,10.000,1.580,4.209,1.000,0.000
0.43640,10.000,1.583,4.208,1.000,0.000
0.43680,10.000,1.585,4.207,1.000,0.000
0.43720,10.000,1.673,4.163,1.000,0.000
0.43760,10.000,1.651,4.174,1.000,0.000
0.43800,10.000,1.548,4.225,1.000,0.000
0.43840,10.000,1.473,4.263,1.000,0.000
0.43880,10.000,1.419,4.290,1.000,0.000
0.43920,10.000,1.552,4.223,1.000,0.000
0.43960,10.000,1.649,4.175,1.000,0.000
0.44000,10.000,1.547,4.226,1.000,0.000
0.44040,10.000,1.559,4.220,1.000,0.000
0.44080,10.000,1.568,4.215,1.000,0.000
0.44120,10.000,1.488,4.255,1.000,0.000
0.44160,10.000,1.516,4.241,1.000,0.000
0.44200,10.000,1.536,4.231,1.000,0.000
0.44240,10.000,1.465,4.267,1.000,0.000
0.44280,10.000,1.412,4.293,1.000,0.000
0.44320,10.000,1.375,4.312,1.000,0.000
0.44360,10.000,1.433,4.283,1.000,0.000
0.44400,10.000,1.476,4.261,1.000,0.000
0.44440,10.000,1.507,4.246,1.000,0.000
0.44480,10.000,1.530,4.234,1.000,0.000
0.44520,10.000,1.547,4.226,1.000,0.000
0.44560,10.000,1.559,4.220,1.000,0.000
0.44600,10.000,1.481,4.259,1.000,0.000
0.44640,10.000,1.511,4.244,1.000,0.000
0.44680,10.000,1.533,4.233,1.000,0.000
0.44720,10.000,1.548,4.225,1.000,0.000
0.44760,10.000,1.560,4.219,1.000,0.000
0.44800,10.000,1.568,4.215,1.000,0.000
0.44840,10.000,1.575,4.212,1.000,0.000
0.44880,10.000,1.579,4.210,1.000,0.000
0.44920,10.000,1.582,4.208,1.000,0.000
0.44960,10.000,1.498,4.250,1.000,0.000
0.45000,10.000,1.523,4.238,1.000,0.000
0.45040,10.000,1.542,4.228,1.000,0.000
0.45080,10.000,1.555,4.222,1.000,0.000
0.45120,10.000,1.651,4.174,1.000,0.000
0.45160,10.000,1.635,4.182,1.000,0.000
0.45200,10.000,1.537,4.231,1.000,0.000
0.45240,10.000,1.379,4.310,1.000,0.000
0.45280,10.000,1.263,4.368,1.000,0.000
0.45320,10.000,1.266,4.366,1.000,0.000
0.45360,10.000,1.354,4.322,1.000,0.000
0.45400,10.000,1.418,4.290,1.000,0.000
0.45440,10.000,1.379,4.310,1.000,0.000
0.45480,10.000,1.436,4.281,1.000,0.000
0.45520,10.000,1.478,4.260,1.000,0.000
0.45560,10.000,1.423,4.288,1.000,0.000
0.45600,10.000,1.468,4.265,1.000,0.000
0.45640,10.000,1.502,4.248,1.000,0.000
0.45680,10.000,1.439,4.280,1.000,0.000
0.45720,10.000,1.481,4.259,1.000,0.000
0.45760,10.000,1.424,4.287,1.000,0.000
0.45800,10.000,1.383,4.308,1.000,0.000
0.45840,10.000,1.526,4.236,1.000,0.000
0.45880,10.000,1.544,4.227,1.000,0.000
0.45920,10.000,1.470,4.264,1.000,0.000
0.45960,10.000,1.503,4.248,1.000,0.000
0.46000,10.000,1.527,4.236,1.000,0.000
0.46040,10.000,1.458,4.270,1.000,0.000
0.46080,10.000,1.494,4.252,1.000,0.000
0.46120,10.000,1.520,4.239,1.000,0.000
0.46160,10.000,1.540,4.229,1.000,0.000
0.46200,10.000,1.553,4.223,1.000,0.000
0.46240,10.000,1.564,4.217,1.000,0.000
0.46280,10.000,1.571,4.214,1.000,0.000
0.46320,10.000,1.490,4.254,1.000,0.000
0.46360,10.000,1.431,4.284,1.000,0.000
0.46400,10.000,1.388,4.305,1.000,0.000
0.46440,10.000,1.443,4.278,1.000,0.000
0.46480,10.000,1.483,4.258,1.000,0.000
0.46520,10.000,1.426,4.286,1.000,0.000
0.46560,10.000,1.471,4.264,1.000,0.000
0.46600,10.000,1.504,4.247,1.000,0.000
0.46640,10.000,1.527,4.236,1.000,0.000
0.46680,10.000,1.545,4.227,1.000,0.000
0.46720,10.000,1.471,4.264,1.000,0.000
0.46760,10.000,1.417,4.291,1.000,0.000
0.46800,10.000,1.291,4.354,1.000,0.000
0.46840,10.000,1.200,4.399,1.000,0.000
0.46880,10.000,1.306,4.346,1.000,0.000
0.46920,10.000,1.383,4.308,1.000,0.000
0.46960,10.000,1.353,4.323,1.000,0.000
0.47000,10.000,1.418,4.290,1.000,0.000
0.47040,10.000,1.465,4.267,1.000,0.000
0.47080,10.000,1.413,4.293,1.000,0.000
0.47120,10.000,1.375,4.312,1.000,0.000
0.47160,10.000,1.433,4.283,1.000,0.000
0.47200,10.000,1.476,4.261,1.000,0.000
0.47240,10.000,1.507,4.246,1.000,0.000
0.47280,10.000,1.530,4.234,1.000,0.000
0.47320,10.000,1.374,4.312,1.000,0.000
0.47360,10.000,1.173,4.413,1.000,0.000
0.47400,10.000,1.200,4.399,1.000,0.000
0.47440,10.000,1.306,4.346,1.000,0.000
0.47480,10.000,1.297,4.351,1.000,0.000
0.47520,10.000,1.291,4.354,1.000,0.000
0.47560,10.000,1.286,4.356,1.000,0.000
0.47600,10.000,1.369,4.315,1.000,0.000
0.47640,10.000,1.429,4.285,1.000,0.000
0.47680,10.000,1.473,4.263,1.000,0.000
0.47720,10.000,1.505,4.247,1.000,0.000
0.47760,10.000,1.442,4.278,1.000,0.000
0.47800,10.000,1.396,4.301,1.000,0.000
0.47840,10.000,1.363,4.318,1.000,0.000
0.47880,10.000,1.425,4.287,1.000,0.000
0.47920,10.000,1.470,4.264,1.000,0.000
0.47960,10.000,1.503,4.248,1.000,0.000
0.48000,10.000,1.613,4.193,1.000,0.000
0.48040,10.000,1.607,4.196,1.000,0.000
0.48080,10.000,1.430,4.284,1.000,0.000
0.48120,10.000,1.387,4.306,1.000,0.000
0.48160,10.000,1.443,4.278,1.000,0.000
0.48200,10.000,1.483,4.258,1.000,0.000
0.48240,10.000,1.599,4.200,1.000,0.000
0.48280,10.000,1.597,4.201,1.000,0.000
0.48320,10.000,1.595,4.202,1.000,0.000
0.48360,10.000,1.594,4.202,1.000,0.000
0.48400,10.000,1.507,4.246,1.000,0.000
0.48440,10.000,1.530,4.234,1.000,0.000
0.48480,10.000,1.546,4.226,1.000,0.000
0.48520,10.000,1.558,4.220,1.000,0.000
0.48560,10.000,1.654,4.172,1.000,0.000
0.48600,10.000,1.637,4.181,1.000,0.000
0.48640,10.000,1.624,4.187,1.000,0.000
0.48680,10.000,1.615,4.192,1.000,0.000
0.48720,10.000,1.609,4.195,1.000,0.000
0.48760,10.000,1.604,4.197,1.000,0.000
0.48800,10.000,1.514,4.242,1.000,0.000
0.48840,10.000,1.535,4.232,1.000,0.000
0.48880,10.000,1.550,4.224,1.000,0.000
0.48920,10.000,1.475,4.262,1.000,0.000
0.48960,10.000,1.420,4.289,1.000,0.000
0.49000,10.000,1.466,4.266,1.000,0.000
0.49040,10.000,1.500,4.249,1.000,0.000
0.49080,10.000,1.525,4.237,1.000,0.000
0.49120,10.000,1.543,4.228,1.000,0.000
0.49160,10.000,1.556,4.221,1.000,0.000
0.49200,10.000,1.565,4.217,1.000,0.000
0.49240,10.000,1.486,4.256,1.000,0.000
0.49280,10.000,1.514,4.242,1.000,0.000
0.49320,10.000,1.622,4.188,1.000,0.000
0.49360,10.000,1.613,4.193,1.000,0.000
0.49400,10.000,1.607,4.196,1.000,0.000
0.49440,10.000,1.603,4.198,1.000,0.000
0.49480,10.000,1.513,4.243,1.000,0.000
0.49520,10.000,1.534,4.232,1.000,0.000
0.49560,10.000,1.550,4.224,1.000,0.000
0.49600,10.000,1.561,4.219,1.000,0.000
0.49640,10.000,1.569,4.215,1.000,0.000
0.49680,10.000,1.575,4.212,1.000,0.000
0.49720,10.000,1.579,4.210,1.000,0.000
0.49760,10.000,1.583,4.208,1.000,0.000
0.49800,10.000,1.585,4.207,1.000,0.000
0.49840,10.000,1.587,4.206,1.000,0.000
0.49880,10.000,1.588,4.205,1.000,0.000
0.49920,10.000,1.589,4.205,1.000,0.000
0.49960,10.000,1.589,4.205,1.000,0.000
0.50000,10.000,1.503,4.248,1.000,0.000
0.50040,10.000,1.527,4.236,1.000,0.000
0.50080,10.000,1.631,4.184,1.000,0.000
0.50120,10.000,1.620,4.189,1.000,0.000
0.50160,10.000,1.612,4.193,1.000,0.000
0.50200,10.000,1.606,4.196,1.000,0.000
0.50240,10.000,1.602,4.198,1.000,0.000
0.50280,10.000,1.599,4.200,1.000,0.000
0.50320,10.000,1.597,4.201,1.000,0.000
0.50360,10.000,1.595,4.202,1.000,0.000
0.50400,10.000,1.594,4.202,1.000,0.000
0.50440,10.000,1.593,4.203,1.000,0.000
0.50480,10.000,1.593,4.203,1.000,0.000
0.50520,10.000,1.592,4.203,1.000,0.000
0.50560,10.000,1.592,4.203,1.000,0.000
0.50600,10.000,1.592,4.203,1.000,0.000
0.50640,10.000,1.591,4.204,1.000,0.000
0.50680,10.000,1.591,4.204,1.000,0.000
0.50720,10.000,1.591,4.204,1.000,0.000
0.50760,10.000,1.591,4.204,1.000,0.000
0.50800,10.000,1.505,4.247,1.000,0.000
0.50840,10.000,1.355,4.322,1.000,0.000
0.50880,10.000,1.333,4.333,1.000,0.000
0.50920,10.000,1.403,4.298,1.000,0.000
0.50960,10.000,1.368,4.315,1.000,0.000
0.51000,10.000,1.428,4.285,1.000,0.000
0.51040,10.000,1.472,4.263,1.000,0.000
0.51080,10.000,1.505,4.247,1.000,0.000
0.51120,10.000,1.615,4.192,1.000,0.000
0.51160,10.000,1.608,4.195,1.000,0.000
0.51200,10.000,1.603,4.198,1.000,0.000
0.51240,10.000,1.600,4.199,1.000,0.000
0.51280,10.000,1.511,4.244,1.000,0.000
0.51320,10.000,1.533,4.233,1.000,0.000
0.51360,10.000,1.635,4.182,1.000,0.000
0.51400,10.000,1.623,4.188,1.000,0.000
0.51440,10.000,1.614,4.192,1.000,0.000
0.51480,10.000,1.694,4.152,1.000,0.000
0.51520,10.000,1.666,4.166,1.000,0.000
0.51560,10.000,1.646,4.176,1.000,0.000
0.51600,10.000,1.631,4.184,1.000,0.000
0.51640,10.000,1.620,4.189,1.000,0.000
0.51680,10.000,1.612,4.193,1.000,0.000
0.51720,10.000,1.606,4.196,1.000,0.000
0.51760,10.000,1.602,4.198,1.000,0.000
0.51800,10.000,1.426,4.286,1.000,0.000
0.51840,10.000,1.298,4.350,1.000,0.000
0.51880,10.000,1.378,4.310,1.000,0.000
0.51920,10.000,1.436,4.281,1.000,0.000
0.51960,10.000,1.478,4.260,1.000,0.000
0.52000,10.000,1.595,4.202,1.000,0.000
0.52040,10.000,1.594,4.202,1.000,0.000
0.52080,10.000,1.593,4.203,1.000,0.000
0.52120,10.000,1.593,4.203,1.000,0.000
0.52160,10.000,1.592,4.203,1.000,0.000
0.52200,10.000,1.678,4.160,1.000,0.000
0.52240,10.000,1.655,4.172,1.000,0.000
0.52280,10.000,1.551,4.224,1.000,0.000
0.52320,10.000,1.648,4.175,1.000,0.000
0.52360,10.000,1.719,4.140,1.000,0.000
0.52400,10.000,1.684,4.157,1.000,0.000
0.52440,10.000,1.659,4.170,1.000,0.000
0.52480,10.000,1.641,4.179,1.000,0.000
0.52520,10.000,1.714,4.142,1.000,0.000
0.52560,10.000,1.680,4.159,1.000,0.000
0.52600,10.000,1.570,4.214,1.000,0.000
0.52640,10.000,1.575,4.212,1.000,0.000
0.52680,10.000,1.580,4.209,1.000,0.000
0.52720,10.000,1.583,4.208,1.000,0.000
0.52760,10.000,1.671,4.164,1.000,0.000
0.52800,10.000,1.650,4.174,1.000,0.000
0.52840,10.000,1.634,4.182,1.000,0.000
0.52880,10.000,1.622,4.188,1.000,0.000
0.52920,10.000,1.614,4.192,1.000,0.000
0.52960,10.000,1.607,4.196,1.000,0.000
0.53000,10.000,1.603,4.198,1.000,0.000
0.53040,10.000,1.600,4.199,1.000,0.000
0.53080,10.000,1.597,4.201,1.000,0.000
0.53120,10.000,1.596,4.201,1.000,0.000
0.53160,10.000,1.594,4.202,1.000,0.000
0.53200,10.000,1.593,4.203,1.000,0.000
0.53240,10.000,1.593,4.203,1.000,0.000
0.53280,10.000,1.592,4.203,1.000,0.000
0.53320,10.000,1.592,4.203,1.000,0.000
0.53360,10.000,1.592,4.203,1.000,0.000
0.53400,9.911,1.592,4.159,1.000,0.000
0.53440,10.000,1.678,4.160,1.000,0.000
0.53480,10.000,1.654,4.172,1.000,0.000
0.53520,9.769,1.637,4.065,1.000,0.000
0.53560,9.890,1.711,4.089,1.000,0.000
0.53600,9.854,1.592,4.131,1.000,0.000
0.53640,9.789,1.505,4.141,1.000,0.000
0.53680,9.892,1.529,4.181,1.000,0.000
0.53720,9.696,1.546,4.075,1.000,0.000
0.53760,9.720,1.644,4.037,1.000,0.000
0.53800,9.728,1.630,4.049,1.000,0.000
0.53840,9.737,1.533,4.102,1.000,0.000
0.53880,9.315,1.549,3.883,1.000,0.000
0.53920,9.703,1.560,4.071,1.000,0.000
0.53960,9.841,1.569,4.136,1.000,0.000
0.54000,9.651,1.661,3.994,1.000,0.000
0.54040,9.807,1.642,4.082,1.000,0.000
0.54080,9.579,1.542,4.018,1.000,0.000
0.54120,9.556,1.555,4.000,1.000,0.000
0.54160,9.598,1.565,4.016,1.000,0.000
0.54200,9.727,1.572,4.077,1.000,0.000
0.54240,9.505,1.577,3.964,1.000,0.000
0.54280,9.470,1.494,3.987,1.000,0.000
0.54320,9.515,1.521,3.997,1.000,0.000
0.54360,9.520,1.626,3.946,1.000,0.000
0.54400,9.602,1.617,3.992,1.000,0.000
0.54440,9.381,1.610,3.885,1.000,0.000
0.54480,9.511,1.605,3.953,1.000,0.000
0.54520,9.458,1.601,3.928,1.000,0.000
0.54560,9.230,1.685,3.772,1.000,0.000
0.54600,9.336,1.659,3.838,1.000,0.000
0.54640,9.358,1.554,3.902,1.000,0.000
0.54680,9.487,1.564,3.961,1.000,0.000
0.54720,9.115,1.572,3.771,1.000,0.000
0.54760,9.222,1.577,3.822,1.000,0.000
0.54800,9.481,1.581,3.950,1.000,0.000
0.54840,9.299,1.583,3.857,1.000,0.000
0.54880,9.286,1.586,3.850,1.000,0.000
0.54920,9.229,1.501,3.864,1.000,0.000
0.54960,9.309,1.525,3.891,1.000,0.000
0.55000,9.335,1.543,3.895,1.000,0.000
0.55040,9.311,1.470,3.920,1.000,0.000
0.55080,9.273,1.503,3.885,1.000,0.000
0.55120,9.221,1.613,3.804,1.000,0.000
0.55160,9.361,1.607,3.876,1.000,0.000
0.55200,9.278,1.603,3.837,1.000,0.000
0.55240,9.125,1.600,3.762,1.000,0.000
0.55280,9.239,1.511,3.864,1.000,0.000
0.55320,9.286,1.533,3.876,1.000,0.000
0.55360,9.182,1.635,3.773,1.000,0.000
0.55400,9.123,1.623,3.750,1.000,0.000
0.55440,9.084,1.614,3.735,1.000,0.000
0.55480,9.017,1.608,3.704,1.000,0.000
0.55520,9.038,1.603,3.717,1.000,0.000
0.55560,9.037,1.686,3.675,1.000,0.000
0.55600,8.948,1.661,3.643,1.000,0.000
0.55640,9.009,1.555,3.726,1.000,0.000
0.55680,8.910,1.565,3.672,1.000,0.000
0.55720,8.990,1.658,3.665,1.000,0.000
0.55760,9.005,1.640,3.682,1.000,0.000
0.55800,8.737,1.627,3.554,1.000,0.000
0.55840,8.824,1.617,3.603,1.000,0.000
0.55880,8.796,1.610,3.593,1.000,0.000
0.55920,8.712,1.691,3.510,1.000,0.000
0.55960,8.839,1.664,3.587,1.000,0.000
0.56000,8.859,1.558,3.650,1.000,0.000
0.56040,8.666,1.567,3.549,1.000,0.000
0.56080,8.690,1.573,3.558,1.000,0.000
0.56120,8.719,1.578,3.570,1.000,0.000
0.56160,8.685,1.582,3.551,1.000,0.000
0.56200,8.741,1.498,3.621,1.000,0.000
0.56240,8.690,1.523,3.583,1.000,0.000
0.56280,8.648,1.542,3.552,1.000,0.000
0.56320,8.606,1.555,3.525,1.000,0.000
0.56360,8.663,1.651,3.505,1.000,0.000
0.56400,8.608,1.721,3.443,1.000,0.000
0.56440,8.526,1.686,3.420,1.000,0.000
0.56480,8.594,1.574,3.510,1.000,0.000
0.56520,9.087,1.578,3.754,1.000,0.000
0.56560,8.481,1.582,3.449,1.000,0.000
0.56600,8.058,1.584,3.236,1.000,0.000
0.56640,8.406,1.586,3.409,1.000,0.000
0.56680,9.366,1.587,3.889,1.000,0.000
0.56720,8.217,1.588,3.314,1.000,0.000
0.56760,8.000,1.589,3.205,1.000,0.000
0.56800,8.000,1.590,3.204,1.000,0.000
0.56840,8.000,1.590,3.204,1.000,0.000
0.56880,8.150,1.677,3.236,1.000,0.000
0.56920,8.000,1.653,3.173,1.000,0.000
0.56960,8.000,1.636,3.181,1.000,0.000
0.57000,8.000,1.624,3.187,1.000,0.000
0.57040,8.000,1.615,3.192,1.000,0.000
0.57080,8.211,1.695,3.257,1.000,0.000
0.57120,8.000,1.667,3.166,1.000,0.000
0.57160,8.000,1.646,3.176,1.000,0.000
0.57200,8.000,1.631,3.184,1.000,0.000
0.57240,8.000,1.620,3.189,1.000,0.000
0.57280,8.000,1.699,3.150,1.000,0.000
0.57320,8.000,1.670,3.164,1.000,0.000
0.57360,8.000,1.648,3.175,1.000,0.000
0.57400,8.000,1.633,3.183,1.000,0.000
0.57440,8.000,1.535,3.232,1.000,0.000
0.57480,8.000,1.550,3.224,1.000,0.000
0.57520,8.000,1.561,3.219,1.000,0.000
0.57560,8.000,1.569,3.215,1.000,0.000
0.57600,8.000,1.575,3.212,1.000,0.000
0.57640,8.000,1.580,3.209,1.000,0.000
0.57680,8.000,1.583,3.208,1.000,0.000
0.57720,8.000,1.585,3.207,1.000,0.000
0.57760,8.000,1.587,3.206,1.000,0.000
0.57800,8.000,1.588,3.205,1.000,0.000
0.57840,8.000,1.675,3.162,1.000,0.000
0.57880,8.000,1.652,3.173,1.000,0.000
0.57920,8.000,1.636,3.181,1.000,0.000
0.57960,8.000,1.710,3.144,1.000,0.000
0.58000,8.000,1.678,3.160,1.000,0.000
0.58040,8.000,1.654,3.172,1.000,0.000
0.58080,8.000,1.637,3.181,1.000,0.000
0.58120,8.000,1.624,3.187,1.000,0.000
0.58160,8.000,1.702,3.148,1.000,0.000
0.58200,8.000,1.672,3.163,1.000,0.000
0.58240,8.000,1.650,3.174,1.000,0.000
0.58280,8.000,1.720,3.139,1.000,0.000
0.58320,8.000,1.685,3.157,1.000,0.000
0.58360,8.000,1.660,3.169,1.000,0.000
0.58400,8.000,1.727,3.136,1.000,0.000
0.58440,8.000,1.690,3.154,1.000,0.000
0.58480,8.000,1.663,3.168,1.000,0.000
0.58520,8.000,1.730,3.134,1.000,0.000
0.58560,8.000,1.779,3.110,1.000,0.000
0.58600,8.000,1.728,3.135,1.000,0.000
0.58640,8.000,1.604,3.197,1.000,0.000
0.58680,8.000,1.601,3.199,1.000,0.000
0.58720,8.000,1.684,3.157,1.000,0.000
0.58760,8.000,1.746,3.126,1.000,0.000
0.58800,8.000,1.790,3.104,1.000,0.000
0.58840,8.000,1.736,3.131,1.000,0.000
0.58880,8.000,1.697,3.151,1.000,0.000
0.58920,8.000,1.754,3.122,1.000,0.000
0.58960,8.000,1.710,3.144,1.000,0.000
0.59000,8.000,1.678,3.160,1.000,0.000
0.59040,8.000,1.654,3.172,1.000,0.000
0.59080,8.000,1.464,3.267,1.000,0.000
0.59120,8.000,1.412,3.293,1.000,0.000
0.59160,8.552,1.461,3.545,1.000,0.000
0.59200,8.855,1.496,3.679,1.000,0.000
0.59240,8.824,1.522,3.651,1.000,0.000
0.59280,9.534,1.541,3.996,1.000,0.000
0.59320,10.000,1.641,4.179,1.000,0.000
0.59360,10.000,1.627,4.186,1.000,0.000
0.59400,10.000,1.617,4.191,1.000,0.000
0.59440,10.000,1.697,4.151,1.000,0.000
0.59480,10.000,1.668,4.165,1.000,0.000
0.59520,10.000,1.647,4.176,1.000,0.000
0.59560,9.920,1.718,4.100,1.000,0.000
0.59600,9.208,1.684,3.761,1.000,0.000
0.59640,8.000,1.659,3.170,1.000,0.000
0.59680,8.000,1.727,3.136,1.000,0.000
0.59720,8.000,1.776,3.111,1.000,0.000
0.59760,8.000,1.812,3.093,1.000,0.000
0.59800,8.000,1.752,3.123,1.000,0.000
0.59840,8.000,1.708,3.145,1.000,0.000
0.59880,8.000,1.763,3.118,1.000,0.000
0.59920,8.136,1.803,3.166,1.000,0.000
0.59960,8.181,1.832,3.174,1.000,0.000
0.60000,8.463,1.853,3.305,1.000,0.000
0.60040,9.381,1.868,3.756,1.000,0.000
0.60080,9.642,1.879,3.881,1.000,0.000
0.60120,9.109,1.974,3.567,1.000,0.000
0.60160,9.237,1.956,3.640,1.000,0.000
0.60200,8.923,1.944,3.489,1.000,0.000
0.60240,8.957,2.021,3.468,1.000,0.000
0.60280,9.163,2.077,3.542,1.000,0.000
0.60320,8.988,2.031,3.478,1.000,0.000
0.60360,9.319,1.912,3.703,1.000,0.000
0.60400,9.225,1.911,3.656,1.000,0.000
0.60440,9.145,1.911,3.617,1.000,0.000
0.60480,9.338,1.824,3.757,1.000,0.000
0.60520,9.666,1.761,3.952,1.000,0.000
0.60560,9.519,1.801,3.858,1.000,0.000
0.60600,9.590,1.830,3.879,1.000,0.000
0.60640,9.868,1.852,4.008,1.000,0.000
0.60680,10.000,1.867,4.066,1.000,0.000
0.60720,10.000,1.792,4.103,1.000,0.000
0.60760,10.000,1.738,4.130,1.000,0.000
0.60800,10.000,1.784,4.107,1.000,0.000
0.60840,10.000,1.818,4.090,1.000,0.000
0.60880,10.000,1.843,4.078,1.000,0.000
0.60920,10.000,1.775,4.112,1.000,0.000
0.60960,10.000,1.725,4.137,1.000,0.000
0.61000,10.000,1.775,4.112,1.000,0.000
0.61040,10.000,1.811,4.094,1.000,0.000
0.61080,10.000,1.838,4.080,1.000,0.000
0.61120,10.000,1.771,4.114,1.000,0.000
0.61160,10.000,1.722,4.138,1.000,0.000
0.61200,10.000,1.773,4.113,1.000,0.000
0.61240,9.706,1.724,3.991,1.000,0.000
0.61280,9.521,1.688,3.916,1.000,0.000
0.61320,9.425,1.748,3.838,1.000,0.000
0.61360,9.384,1.705,3.839,1.000,0.000
0.61400,9.300,1.761,3.769,1.000,0.000
0.61440,9.012,1.801,3.605,1.000,0.000
0.61480,9.016,1.744,3.635,1.000,0.000
0.61520,9.334,1.702,3.815,1.000,0.000
0.61560,9.268,1.672,3.798,1.000,0.000
0.61600,9.464,1.737,3.863,1.000,0.000
0.61640,8.000,1.783,3.108,1.000,0.000
0.61680,9.633,1.645,3.993,1.000,0.000
0.61720,10.000,1.371,4.314,1.000,0.000
0.61760,9.870,1.344,4.263,1.000,0.000
0.61800,10.000,1.411,4.294,1.000,0.000
0.61840,9.632,1.460,4.086,1.000,0.000
0.61880,10.000,1.582,4.208,1.000,0.000
0.61920,9.867,1.671,4.098,1.000,0.000
0.61960,10.000,1.736,4.131,1.000,0.000
0.62000,9.754,1.696,4.028,1.000,0.000
0.62040,9.712,1.581,4.065,1.000,0.000
0.62080,9.581,1.498,4.041,1.000,0.000
0.62120,9.372,1.350,4.010,1.000,0.000
0.62160,9.341,1.156,4.092,1.000,0.000
0.62200,8.454,1.188,3.633,1.000,0.000
0.62240,9.049,1.384,3.832,1.000,0.000
0.62280,9.149,1.440,3.854,1.000,0.000
0.62320,8.768,1.481,3.643,1.000,0.000
0.62360,8.640,1.597,3.521,1.000,0.000
0.62400,8.904,1.682,3.610,1.000,0.000
0.62440,9.055,1.744,3.655,1.000,0.000
0.62480,8.678,1.702,3.488,1.000,0.000
0.62520,8.839,1.672,3.583,1.000,0.000
0.62560,8.736,1.736,3.499,1.000,0.000
0.62600,9.224,1.697,3.763,1.000,0.000
0.62640,9.155,1.495,3.829,1.000,0.000
0.62680,9.604,1.262,4.170,1.000,0.000
0.62720,9.968,1.265,4.351,1.000,0.000
0.62760,9.732,1.440,4.146,1.000,0.000
0.62800,9.985,1.567,4.208,1.000,0.000
0.62840,9.813,1.660,4.076,1.000,0.000
0.62880,9.733,1.728,4.002,1.000,0.000
0.62920,9.972,1.777,4.097,1.000,0.000
0.62960,9.914,1.813,4.050,1.000,0.000
0.63000,9.983,1.839,4.071,1.000,0.000
0.63040,10.000,1.772,4.113,1.000,0.000
0.63080,9.972,1.723,4.124,1.000,0.000
0.63120,9.606,1.687,3.959,1.000,0.000
0.63160,9.357,1.747,3.804,1.000,0.000
0.63200,9.420,1.791,3.814,1.000,0.000
0.63240,9.542,1.737,3.902,1.000,0.000
0.63280,9.459,1.784,3.837,1.000,0.000
0.63320,9.194,1.818,3.688,1.000,0.000
0.63360,9.276,1.756,3.760,1.000,0.000
0.63400,9.225,1.798,3.713,1.000,0.000
0.63440,10.000,1.914,4.042,1.000,0.000
0.63480,9.293,1.827,3.733,1.000,0.000
0.63520,8.500,1.763,3.368,1.000,0.000
0.63560,9.313,1.716,3.798,1.000,0.000
0.63600,8.970,1.682,3.644,1.000,0.000
0.63640,9.564,1.744,3.910,1.000,0.000
0.63680,8.910,1.789,3.560,1.000,0.000
0.63720,9.574,1.735,3.919,1.000,0.000
0.63760,10.000,1.523,4.238,1.000,0.000
0.63800,10.000,1.455,4.272,1.000,0.000
0.63840,8.966,1.578,3.693,1.000,0.000
0.63880,9.903,1.668,4.117,1.000,0.000
0.63920,9.444,1.734,3.854,1.000,0.000
0.63960,8.000,1.695,3.152,1.000,0.000
0.64000,9.206,1.667,3.769,1.000,0.000
0.64040,10.000,1.733,4.133,1.000,0.000
0.64080,9.732,1.694,4.018,1.000,0.000
0.64120,10.000,1.666,4.166,1.000,0.000
0.64160,9.560,1.732,3.913,1.000,0.000
0.64200,9.879,1.694,4.092,1.000,0.000
0.64240,9.751,1.666,4.042,1.000,0.000
0.64280,9.776,1.732,4.022,1.000,0.000
0.64320,9.284,1.780,3.751,1.000,0.000
0.64360,9.403,1.815,3.793,1.000,0.000
0.64400,9.512,1.754,3.878,1.000,0.000
0.64440,9.280,1.710,3.784,1.000,0.000
0.64480,9.153,1.764,3.694,1.000,0.000
0.64520,9.387,1.717,3.834,1.000,0.000
0.64560,9.360,1.683,3.838,1.000,0.000
0.64600,9.361,1.744,3.808,1.000,0.000
0.64640,9.288,1.789,3.749,1.000,0.000
0.64680,9.362,1.822,3.769,1.000,0.000
0.64720,8.277,1.846,3.215,1.000,0.000
0.64760,9.338,1.776,3.780,1.000,0.000
0.64800,9.869,1.726,4.071,1.000,0.000
0.64840,9.451,1.776,3.837,1.000,0.000
0.64880,9.220,1.812,3.703,1.000,0.000
0.64920,8.795,1.925,3.435,1.000,0.000
0.64960,9.326,2.007,3.659,1.000,0.000
0.65000,8.425,1.981,3.222,1.000,0.000
0.65040,9.332,1.961,3.685,1.000,0.000
0.65080,9.671,1.861,3.905,1.000,0.000
0.65120,9.403,1.787,3.807,1.000,0.000
0.65160,9.369,1.821,3.773,1.000,0.000
0.65200,9.319,1.845,3.736,1.000,0.000
0.65240,9.424,1.862,3.780,1.000,0.000
0.65280,9.732,1.789,3.971,1.000,0.000
0.65320,9.325,1.735,3.794,1.000,0.000
0.65360,8.698,1.782,3.457,1.000,0.000
0.65400,8.984,1.817,3.583,1.000,0.000
0.65440,8.857,1.842,3.507,1.000,0.000
0.65480,8.975,1.860,3.557,1.000,0.000
0.65520,8.697,1.874,3.411,1.000,0.000
0.65560,8.792,1.883,3.454,1.000,0.000
0.65600,8.874,1.890,3.491,1.000,0.000
0.65640,8.613,1.895,3.358,1.000,0.000
0.65680,8.440,1.899,3.270,1.000,0.000
0.65720,8.534,1.902,3.316,1.000,0.000
0.65760,8.401,1.818,3.291,1.000,0.000
0.65800,8.308,1.670,3.319,1.000,0.000
0.65840,8.587,1.648,3.469,1.000,0.000
0.65880,8.460,1.633,3.413,1.000,0.000
0.65920,8.534,1.621,3.456,1.000,0.000
0.65960,8.963,1.613,3.674,1.000,0.000
0.66000,8.717,1.694,3.511,1.000,0.000
0.66040,9.283,1.752,3.765,1.000,0.000
0.66080,8.661,1.795,3.433,1.000,0.000
0.66120,8.950,1.912,3.518,1.000,0.000
0.66160,8.479,1.825,3.326,1.000,0.000
0.66200,8.156,1.762,3.197,1.000,0.000
0.66240,8.909,1.802,3.553,1.000,0.000
0.66280,8.178,1.831,3.173,1.000,0.000
0.66320,8.083,1.852,3.115,1.000,0.000
0.66360,8.000,1.868,3.065,1.000,0.000
0.66400,8.000,1.965,3.017,1.000,0.000
0.66440,8.124,1.950,3.087,1.000,0.000
0.66480,8.505,1.853,3.326,1.000,0.000
0.66520,8.865,1.954,3.455,1.000,0.000
0.66560,8.000,1.942,3.028,1.000,0.000
0.66600,8.785,1.847,3.469,1.000,0.000
0.66640,9.056,1.864,3.596,1.000,0.000
0.66680,8.375,1.876,3.249,1.000,0.000
0.66720,8.859,1.885,3.487,1.000,0.000
0.66760,8.319,1.805,3.256,1.000,0.000
0.66800,8.616,1.747,3.434,1.000,0.000
0.66840,8.406,1.791,3.307,1.000,0.000
0.66880,8.191,1.823,3.183,1.000,0.000
0.66920,8.362,1.847,3.257,1.000,0.000
0.66960,8.459,1.864,3.297,1.000,0.000
0.67000,8.104,1.876,3.114,1.000,0.000
0.67040,8.010,1.885,3.062,1.000,0.000
0.67080,8.366,1.805,3.280,1.000,0.000
0.67120,8.362,1.747,3.307,1.000,0.000
0.67160,8.080,1.791,3.144,1.000,0.000
0.67200,8.000,1.823,3.088,1.000,0.000
0.67240,8.157,1.760,3.198,1.000,0.000
0.67280,8.002,1.801,3.100,1.000,0.000
0.67320,8.000,1.917,3.041,1.000,0.000
0.67360,8.262,2.001,3.130,1.000,0.000
0.67400,8.037,1.976,3.030,1.000,0.000
0.67440,8.000,1.872,3.063,1.000,0.000
0.67480,8.092,1.882,3.105,1.000,0.000
0.67520,8.000,1.889,3.055,1.000,0.000
0.67560,8.000,1.895,3.052,1.000,0.000
0.67600,8.000,1.899,3.050,1.000,0.000
0.67640,8.000,1.902,3.048,1.000,0.000
0.67680,8.000,1.904,3.047,1.000,0.000
0.67720,8.000,1.905,3.047,1.000,0.000
0.67760,8.000,1.906,3.046,1.000,0.000
0.67800,8.000,1.821,3.089,1.000,0.000
0.67840,8.000,1.758,3.120,1.000,0.000
0.67880,8.000,1.799,3.100,1.000,0.000
0.67920,8.000,1.829,3.085,1.000,0.000
0.67960,8.000,1.851,3.074,1.000,0.000
0.68000,8.000,1.867,3.066,1.000,0.000
0.68040,8.000,1.792,3.103,1.000,0.000
0.68080,8.000,1.737,3.131,1.000,0.000
0.68120,8.000,1.784,3.107,1.000,0.000
0.68160,8.000,1.818,3.090,1.000,0.000
0.68200,8.000,1.843,3.078,1.000,0.000
0.68240,8.000,1.861,3.069,1.000,0.000
0.68280,8.000,1.874,3.062,1.000,0.000
0.68320,8.000,1.797,3.101,1.000,0.000
0.68360,8.000,1.741,3.129,1.000,0.000
0.68400,8.000,1.787,3.106,1.000,0.000
0.68440,8.000,1.734,3.132,1.000,0.000
0.68480,8.000,1.695,3.152,1.000,0.000
0.68520,8.000,1.753,3.123,1.000,0.000
0.68560,8.000,1.796,3.101,1.000,0.000
0.68600,8.000,1.740,3.129,1.000,0.000
0.68640,8.000,1.700,3.149,1.000,0.000
0.68680,8.199,1.757,3.221,1.000,0.000
0.68720,8.145,1.798,3.173,1.000,0.000
0.68760,8.153,1.828,3.162,1.000,0.000
0.68800,8.183,1.850,3.166,1.000,0.000
0.68840,8.545,1.780,3.382,1.000,0.000
0.68880,8.345,1.729,3.308,1.000,0.000
0.68920,8.418,1.778,3.320,1.000,0.000
0.68960,8.408,1.813,3.297,1.000,0.000
0.69000,8.148,1.753,3.197,1.000,0.000
0.69040,8.000,1.709,3.145,1.000,0.000
0.69080,8.000,1.763,3.118,1.000,0.000
0.69120,8.000,1.803,3.098,1.000,0.000
0.69160,8.000,1.832,3.083,1.000,0.000
0.69200,8.000,1.853,3.073,1.000,0.000
0.69240,8.000,1.868,3.065,1.000,0.000
0.69280,8.000,1.879,3.060,1.000,0.000
0.69320,8.000,1.801,3.099,1.000,0.000
0.69360,8.000,1.744,3.127,1.000,0.000
0.69400,8.000,1.789,3.105,1.000,0.000
0.69440,8.000,1.822,3.088,1.000,0.000
0.69480,8.000,1.759,3.120,1.000,0.000
0.69520,8.000,1.713,3.143,1.000,0.000
0.69560,8.000,1.767,3.116,1.000,0.000
0.69600,8.000,1.805,3.097,1.000,0.000
0.69640,8.000,1.834,3.082,1.000,0.000
0.69680,8.000,1.854,3.072,1.000,0.000
0.69720,8.000,1.783,3.108,1.000,0.000
0.69760,8.000,1.731,3.134,1.000,0.000
0.69800,8.000,1.693,3.153,1.000,0.000
0.69840,8.000,1.665,3.167,1.000,0.000
0.69880,8.000,1.731,3.134,1.000,0.000
0.69920,8.000,1.780,3.109,1.000,0.000
0.69960,8.000,1.815,3.092,1.000,0.000
0.70000,8.362,1.754,3.303,1.000,0.000
0.70040,8.381,1.710,3.335,1.000,0.000
0.70080,8.591,1.764,3.413,1.000,0.000
0.70120,8.910,1.717,3.596,1.000,0.000
0.70160,9.128,1.683,3.722,1.000,0.000
0.70200,9.452,1.744,3.853,1.000,0.000
0.70240,9.323,1.789,3.766,1.000,0.000
0.70280,9.485,1.822,3.831,1.000,0.000
0.70320,9.422,1.846,3.788,1.000,0.000
0.70360,9.365,1.776,3.794,1.000,0.000
0.70400,9.241,1.726,3.757,1.000,0.000
0.70440,9.168,1.776,3.696,1.000,0.000
0.70480,8.932,1.812,3.559,1.000,0.000
0.70520,8.673,1.838,3.417,1.000,0.000
0.70560,8.626,1.858,3.384,1.000,0.000
0.70600,8.084,1.872,3.106,1.000,0.000
0.70640,8.000,1.795,3.102,1.000,0.000
0.70680,8.000,1.654,3.172,1.000,0.000
0.70720,8.000,1.550,3.224,1.000,0.000
0.70760,8.000,1.648,3.175,1.000,0.000
0.70800,8.000,1.719,3.140,1.000,0.000
0.70840,8.000,1.684,3.157,1.000,0.000
0.70880,8.266,1.745,3.260,1.000,0.000
0.70920,8.323,1.790,3.266,1.000,0.000
0.70960,8.621,1.909,3.356,1.000,0.000
0.71000,8.200,1.995,3.102,1.000,0.000
0.71040,8.534,1.972,3.280,1.000,0.000
0.71080,8.935,1.868,3.533,1.000,0.000
0.71120,8.725,1.793,3.466,1.000,0.000
0.71160,9.014,1.652,3.681,1.000,0.000
0.71200,8.802,1.549,3.626,1.000,0.000
0.71240,8.587,1.647,3.470,1.000,0.000
0.71280,8.785,1.718,3.533,1.000,0.000
0.71320,8.627,1.770,3.428,1.000,0.000
0.71360,8.630,1.808,3.411,1.000,0.000
0.71400,8.265,1.835,3.214,1.000,0.000
0.71440,8.243,1.855,3.193,1.000,0.000
0.71480,8.172,1.784,3.194,1.000,0.000
0.71520,8.000,1.731,3.134,1.000,0.000
0.71560,8.114,1.780,3.167,1.000,0.000
0.71600,8.000,1.815,3.092,1.000,0.000
0.71640,8.000,1.841,3.079,1.000,0.000
0.71680,8.000,1.859,3.070,1.000,0.000
0.71720,8.000,1.959,3.020,1.000,0.000
0.71760,8.000,1.946,3.026,1.000,0.000
0.71800,8.000,1.936,3.031,1.000,0.000
0.71840,8.000,2.015,2.992,1.000,0.000
0.71880,8.000,1.986,3.006,1.000,0.000
0.71920,8.000,1.965,3.017,1.000,0.000
0.71960,8.000,1.950,3.024,1.000,0.000
0.72000,8.000,1.939,3.030,1.000,0.000
0.72040,8.000,1.931,3.034,1.000,0.000
0.72080,8.000,1.752,3.123,1.000,0.000
0.72120,8.000,1.536,3.231,1.000,0.000
0.72160,8.000,1.637,3.181,1.000,0.000
0.72200,8.000,1.711,3.144,1.000,0.000
0.72240,8.000,1.678,3.160,1.000,0.000
0.72280,8.000,1.741,3.129,1.000,0.000
0.72320,8.000,1.873,3.063,1.000,0.000
0.72360,8.000,1.969,3.015,1.000,0.000
0.72400,8.000,1.953,3.023,1.000,0.000
0.72440,8.000,1.941,3.029,1.000,0.000
0.72480,8.000,1.933,3.033,1.000,0.000
0.72520,8.000,1.926,3.036,1.000,0.000
0.72560,8.000,1.922,3.038,1.000,0.000
0.72600,8.000,1.918,3.040,1.000,0.000
0.72640,8.000,1.829,3.085,1.000,0.000
0.72680,8.000,1.765,3.117,1.000,0.000
0.72720,8.000,1.804,3.097,1.000,0.000
0.72760,8.000,1.746,3.126,1.000,0.000
0.72800,8.000,1.704,3.147,1.000,0.000
0.72840,8.000,1.846,3.076,1.000,0.000
0.72880,8.000,1.950,3.024,1.000,0.000
0.72920,8.000,1.939,3.030,1.000,0.000
0.72960,8.000,1.931,3.034,1.000,0.000
0.73000,8.000,1.925,3.037,1.000,0.000
0.73040,8.000,2.007,2.996,1.000,0.000
0.73080,8.000,2.067,2.966,1.000,0.000
0.73120,8.000,2.024,2.987,1.000,0.000
0.73160,8.000,1.993,3.003,1.000,0.000
0.73200,8.000,1.970,3.014,1.000,0.000
0.73240,8.000,1.954,3.022,1.000,0.000
0.73280,8.000,2.028,2.985,1.000,0.000
0.73320,8.000,2.082,2.958,1.000,0.000
0.73360,8.000,2.122,2.938,1.000,0.000
0.73400,8.000,2.150,2.924,1.000,0.000
0.73440,8.000,2.085,2.957,1.000,0.000
0.73480,8.000,2.037,2.981,1.000,0.000
0.73520,8.000,2.003,2.998,1.000,0.000
0.73560,8.000,1.977,3.011,1.000,0.000
0.73600,8.000,1.959,3.020,1.000,0.000
0.73640,8.000,2.032,2.983,1.000,0.000
0.73680,8.000,2.085,2.957,1.000,0.000
0.73720,8.000,2.037,2.981,1.000,0.000
0.73760,8.000,2.003,2.998,1.000,0.000
0.73800,8.000,1.977,3.011,1.000,0.000
0.73840,8.000,1.959,3.020,1.000,0.000
0.73880,8.000,2.032,2.983,1.000,0.000
0.73920,8.000,2.085,2.957,1.000,0.000
0.73960,8.000,2.037,2.981,1.000,0.000
0.74000,8.000,2.003,2.998,1.000,0.000
0.74040,8.000,1.977,3.011,1.000,0.000
0.74080,8.000,1.959,3.020,1.000,0.000
0.74120,8.000,1.945,3.027,1.000,0.000
0.74160,8.000,2.022,2.988,1.000,0.000
0.74200,8.000,2.078,2.960,1.000,0.000
0.74240,8.000,2.032,2.983,1.000,0.000
0.74280,8.074,2.085,2.994,1.000,0.000
0.74320,8.150,2.124,3.012,1.000,0.000
0.74360,8.051,2.066,2.992,1.000,0.000
0.74400,8.188,2.023,3.082,1.000,0.000
0.74440,8.000,1.992,3.003,1.000,0.000
0.74480,8.000,1.970,3.014,1.000,0.000
0.74520,8.000,1.953,3.023,1.000,0.000
0.74560,8.000,1.941,3.029,1.000,0.000
0.74600,8.092,1.933,3.079,1.000,0.000
0.74640,8.000,1.926,3.036,1.000,0.000
0.74680,8.000,1.922,3.038,1.000,0.000
0.74720,8.000,1.918,3.040,1.000,0.000
0.74760,8.000,1.916,3.041,1.000,0.000
0.74800,8.000,1.914,3.042,1.000,0.000
0.74840,8.000,1.740,3.129,1.000,0.000
0.74880,8.000,1.613,3.193,1.000,0.000
0.74920,8.000,1.521,3.239,1.000,0.000
0.74960,8.000,1.453,3.273,1.000,0.000
0.75000,8.000,1.664,3.167,1.000,0.000
0.75040,8.000,1.730,3.134,1.000,0.000
0.75080,8.000,1.692,3.153,1.000,0.000
0.75120,8.000,1.838,3.080,1.000,0.000
0.75160,8.000,1.857,3.071,1.000,0.000
0.75200,8.000,1.871,3.064,1.000,0.000
0.75240,8.000,1.882,3.058,1.000,0.000
0.75280,8.000,1.803,3.098,1.000,0.000
0.75320,8.000,1.832,3.083,1.000,0.000
0.75360,8.000,1.853,3.073,1.000,0.000
0.75400,8.000,1.868,3.065,1.000,0.000
0.75440,8.000,1.879,3.060,1.000,0.000
0.75480,8.000,1.887,3.056,1.000,0.000
0.75520,8.284,1.893,3.195,1.000,0.000
0.75560,8.483,1.898,3.292,1.000,0.000
0.75600,8.111,1.901,3.105,1.000,0.000
0.75640,8.000,1.903,3.048,1.000,0.000
0.75680,8.000,1.905,3.047,1.000,0.000
0.75720,8.000,1.906,3.046,1.000,0.000
0.75760,8.000,1.907,3.046,1.000,0.000
0.75800,8.000,1.821,3.089,1.000,0.000
0.75840,8.000,1.845,3.077,1.000,0.000
0.75880,8.000,2.035,2.982,1.000,0.000
0.75920,8.000,2.001,2.999,1.000,0.000
0.75960,8.000,1.890,3.054,1.000,0.000
0.76000,8.000,1.895,3.052,1.000,0.000
0.76040,8.000,1.899,3.050,1.000,0.000
0.76080,8.000,1.902,3.048,1.000,0.000
0.76120,8.000,1.817,3.091,1.000,0.000
0.76160,8.000,1.756,3.121,1.000,0.000
0.76200,8.000,1.798,3.100,1.000,0.000
0.76240,8.000,1.828,3.085,1.000,0.000
0.76280,8.000,1.850,3.074,1.000,0.000
0.76320,8.000,1.780,3.109,1.000,0.000
0.76360,8.000,1.728,3.135,1.000,0.000
0.76400,8.000,1.691,3.154,1.000,0.000
0.76440,8.000,1.578,3.210,1.000,0.000
0.76480,8.000,1.581,3.209,1.000,0.000
0.76520,8.000,1.670,3.164,1.000,0.000
0.76560,8.000,1.735,3.132,1.000,0.000
0.76600,8.000,1.696,3.151,1.000,0.000
0.76640,8.000,1.668,3.165,1.000,0.000
0.76680,8.000,1.560,3.219,1.000,0.000
0.76720,8.000,1.482,3.258,1.000,0.000
0.76760,8.101,1.512,3.294,1.000,0.000
0.76800,8.000,1.533,3.233,1.000,0.000
0.76840,8.000,1.635,3.182,1.000,0.000
0.76880,8.000,1.623,3.188,1.000,0.000
0.76920,8.000,1.615,3.192,1.000,0.000
0.76960,8.000,1.695,3.152,1.000,0.000
0.77000,9.282,1.753,3.764,1.000,0.000
0.77040,9.535,1.795,3.869,1.000,0.000
0.77080,8.000,1.826,3.086,1.000,0.000
0.77120,8.000,1.849,3.075,1.000,0.000
0.77160,8.000,1.865,3.067,1.000,0.000
0.77200,8.000,1.877,3.061,1.000,0.000
0.77240,8.000,1.886,3.056,1.000,0.000
0.77280,8.000,1.806,3.096,1.000,0.000
0.77320,8.000,1.575,3.212,1.000,0.000
0.77360,8.000,1.320,3.339,1.000,0.000
0.77400,8.000,1.221,3.389,1.000,0.000
0.77440,8.000,1.148,3.425,1.000,0.000
0.77480,8.000,1.182,3.408,1.000,0.000
0.77520,8.000,1.380,3.309,1.000,0.000
0.77560,8.000,1.523,3.238,1.000,0.000
0.77600,8.000,1.628,3.185,1.000,0.000
0.77640,8.000,1.532,3.233,1.000,0.000
0.77680,8.000,1.461,3.269,1.000,0.000
0.77720,8.000,1.497,3.251,1.000,0.000
0.77760,8.000,1.522,3.238,1.000,0.000
0.77800,8.000,1.627,3.186,1.000,0.000
0.77840,8.000,1.704,3.147,1.000,0.000
0.77880,8.000,1.760,3.119,1.000,0.000
0.77920,8.000,1.800,3.099,1.000,0.000
0.77960,8.000,1.743,3.128,1.000,0.000
0.78000,8.000,1.616,3.191,1.000,0.000
0.78040,8.000,1.609,3.195,1.000,0.000
0.78080,8.000,1.691,3.154,1.000,0.000
0.78120,8.000,1.750,3.124,1.000,0.000
0.78160,8.000,1.793,3.103,1.000,0.000
0.78200,8.000,1.825,3.087,1.000,0.000
0.78240,8.000,1.848,3.075,1.000,0.000
0.78280,8.000,1.864,3.067,1.000,0.000
0.78320,8.000,1.877,3.061,1.000,0.000
0.78360,8.000,1.885,3.057,1.000,0.000
0.78400,8.000,1.892,3.053,1.000,0.000
0.78440,8.000,1.897,3.051,1.000,0.000
0.78480,8.000,1.900,3.049,1.000,0.000
0.78520,8.000,1.903,3.048,1.000,0.000
0.78560,8.000,1.904,3.047,1.000,0.000
0.78600,8.000,1.906,3.046,1.000,0.000
0.78640,8.000,1.907,3.046,1.000,0.000
0.78680,8.000,1.907,3.046,1.000,0.000
0.78720,8.000,1.908,3.045,1.000,0.000
0.78760,8.000,1.735,3.132,1.000,0.000
0.78800,8.000,1.610,3.194,1.000,0.000
0.78840,8.206,1.778,3.214,1.000,0.000
0.78880,8.122,1.900,3.111,1.000,0.000
0.78920,8.399,1.902,3.248,1.000,0.000
0.78960,8.526,1.904,3.310,1.000,0.000
0.79000,8.356,1.906,3.225,1.000,0.000
0.79040,8.608,1.907,3.350,1.000,0.000
0.79080,9.139,1.907,3.615,1.000,0.000
0.79120,8.126,1.908,3.109,1.000,0.000
0.79160,8.000,1.995,3.002,1.000,0.000
0.79200,8.005,2.058,2.973,1.000,0.000
0.79240,8.000,2.104,2.947,1.000,0.000
0.79280,8.000,2.138,2.930,1.000,0.000
0.79320,8.000,2.076,2.961,1.000,0.000
0.79360,8.000,2.030,2.984,1.000,0.000
0.79400,8.000,1.998,3.000,1.000,0.000
0.79440,8.000,2.060,2.969,1.000,0.000
0.79480,8.000,2.106,2.946,1.000,0.000
0.79520,8.000,2.052,2.973,1.000,0.000
0.79560,8.000,2.013,2.993,1.000,0.000
0.79600,8.000,1.985,3.007,1.000,0.000
0.79640,8.000,1.965,3.017,1.000,0.000
0.79680,8.000,1.950,3.024,1.000,0.000
0.79720,8.000,1.939,3.030,1.000,0.000
0.79760,8.000,1.931,3.034,1.000,0.000
0.79800,8.160,2.011,3.074,1.000,0.000
0.79840,8.264,2.070,3.097,1.000,0.000
0.79880,8.577,2.026,3.275,1.000,0.000
0.79920,8.515,1.908,3.303,1.000,0.000
0.79960,8.000,1.649,3.175,1.000,0.000
0.80000,8.651,1.461,3.595,1.000,0.000
0.80040,10.000,1.496,4.251,1.000,0.000
0.80080,8.658,1.608,3.525,1.000,0.000
0.80120,9.424,1.690,3.867,1.000,0.000
0.80160,8.497,1.750,3.373,1.000,0.000
0.80200,8.578,1.879,3.349,1.000,0.000
0.80240,8.537,1.974,3.281,1.000,0.000
0.80280,8.656,1.956,3.349,1.000,0.000
0.80320,8.208,1.944,3.132,1.000,0.000
0.80360,8.077,2.021,3.028,1.000,0.000
0.80400,8.000,2.077,2.961,1.000,0.000
0.80440,8.000,2.031,2.984,1.000,0.000
0.80480,8.000,1.998,3.000,1.000,0.000
0.80520,8.000,1.974,3.012,1.000,0.000
0.80560,8.000,1.957,3.021,1.000,0.000
0.80600,8.000,2.030,2.984,1.000,0.000
0.80640,8.000,1.997,3.001,1.000,0.000
0.80680,8.000,1.801,3.099,1.000,0.000
0.80720,8.000,1.744,3.127,1.000,0.000
0.80760,8.000,1.789,3.105,1.000,0.000
0.80800,8.075,1.908,3.083,1.000,0.000
0.80840,8.278,1.908,3.185,1.000,0.000
0.80880,8.550,1.995,3.277,1.000,0.000
0.80920,8.950,2.058,3.445,1.000,0.000
0.80960,9.338,1.931,3.703,1.000,0.000
0.81000,9.037,2.012,3.512,1.000,0.000
0.81040,9.218,2.070,3.573,1.000,0.000
0.81080,9.092,2.027,3.532,1.000,0.000
0.81120,8.983,1.995,3.493,1.000,0.000
0.81160,9.055,1.972,3.541,1.000,0.000
0.81200,8.777,1.955,3.411,1.000,0.000
0.81240,8.703,1.942,3.380,1.000,0.000
0.81280,8.669,1.761,3.454,1.000,0.000
0.81320,8.839,1.628,3.605,1.000,0.000
0.81360,8.708,1.704,3.501,1.000,0.000
0.81400,8.867,1.674,3.596,1.000,0.000
0.81440,9.166,1.651,3.757,1.000,0.000
0.81480,9.156,1.721,3.717,1.000,0.000
0.81520,8.898,1.772,3.562,1.000,0.000
0.81560,8.984,1.810,3.587,1.000,0.000
0.81600,8.995,1.837,3.579,1.000,0.000
0.81640,8.998,1.856,3.570,1.000,0.000
0.81680,8.969,1.957,3.506,1.000,0.000
0.81720,8.898,2.031,3.433,1.000,0.000
0.81760,9.129,1.998,3.565,1.000,0.000
0.81800,8.981,1.974,3.503,1.000,0.000
0.81840,9.011,1.956,3.527,1.000,0.000
0.81880,9.385,1.943,3.720,1.000,0.000
0.81920,9.474,1.934,3.770,1.000,0.000
0.81960,9.129,1.841,3.644,1.000,0.000
0.82000,9.182,1.773,3.704,1.000,0.000
0.82040,9.393,1.810,3.791,1.000,0.000
0.82080,9.378,1.837,3.770,1.000,0.000
0.82120,9.476,1.857,3.809,1.000,0.000
0.82160,9.475,1.871,3.801,1.000,0.000
0.82200,9.485,1.881,3.801,1.000,0.000
0.82240,9.648,1.889,3.879,1.000,0.000
0.82280,9.578,1.894,3.841,1.000,0.000
0.82320,9.697,1.899,3.899,1.000,0.000
0.82360,9.711,1.901,3.905,1.000,0.000
0.82400,9.652,1.904,3.874,1.000,0.000
0.82440,9.982,1.905,4.038,1.000,0.000
0.82480,9.565,1.906,3.829,1.000,0.000
0.82520,9.488,1.907,3.790,1.000,0.000
0.82560,9.671,1.735,3.968,1.000,0.000
0.82600,10.000,1.696,4.151,1.000,0.000
0.82640,9.928,1.754,4.086,1.000,0.000
0.82680,9.065,1.710,3.677,1.000,0.000
0.82720,9.952,1.764,4.094,1.000,0.000
0.82760,9.372,1.630,3.870,1.000,0.000
0.82800,10.000,1.533,4.233,1.000,0.000
0.82840,9.634,1.549,4.042,1.000,0.000
0.82880,9.802,1.560,4.121,1.000,0.000
0.82920,9.808,1.655,4.076,1.000,0.000
0.82960,9.691,1.724,3.983,1.000,0.000
0.83000,9.703,1.774,3.964,1.000,0.000
0.83040,9.699,1.811,3.943,1.000,0.000
0.83080,9.869,1.838,4.015,1.000,0.000
0.83120,9.674,1.857,3.908,1.000,0.000
0.83160,9.915,1.871,4.022,1.000,0.000
0.83200,9.677,1.882,3.897,1.000,0.000
0.83240,9.793,1.889,3.951,1.000,0.000
0.83280,9.970,1.895,4.037,1.000,0.000
0.83320,9.945,1.899,4.023,1.000,0.000
0.83360,10.000,1.902,4.048,1.000,0.000
0.83400,10.000,1.904,4.047,1.000,0.000
0.83440,10.000,1.732,4.133,1.000,0.000
0.83480,9.941,1.435,4.253,1.000,0.000
0.83520,9.999,1.391,4.304,1.000,0.000
0.83560,10.000,1.359,4.320,1.000,0.000
0.83600,10.000,1.422,4.288,1.000,0.000
0.83640,10.000,1.641,4.179,1.000,0.000
0.83680,10.000,1.714,4.142,1.000,0.000
0.83720,10.000,1.767,4.116,1.000,0.000
0.83760,10.000,1.719,4.140,1.000,0.000
0.83800,10.000,1.511,4.244,1.000,0.000
0.83840,10.000,1.360,4.319,1.000,0.000
0.83880,10.000,1.423,4.288,1.000,0.000
0.83920,8.000,1.555,3.222,1.000,0.000
0.83960,10.000,1.651,4.174,1.000,0.000
0.84000,10.000,1.721,4.139,1.000,0.000
0.84040,10.000,1.772,4.113,1.000,0.000
0.84080,9.842,1.809,4.016,1.000,0.000
0.84120,10.000,1.837,4.081,1.000,0.000
0.84160,10.000,1.943,4.028,1.000,0.000
0.84200,10.000,2.020,3.989,1.000,0.000
0.84240,10.000,1.990,4.004,1.000,0.000
0.84280,10.000,2.055,3.972,1.000,0.000
0.84320,10.000,2.102,3.948,1.000,0.000
0.84360,10.000,1.963,4.018,1.000,0.000
0.84400,10.000,1.689,4.155,1.000,0.000
0.84440,10.000,1.490,4.254,1.000,0.000
0.84480,10.000,1.517,4.241,1.000,0.000
0.84520,10.000,1.624,4.187,1.000,0.000
0.84560,10.000,1.701,4.149,1.000,0.000
0.84600,10.000,1.758,4.120,1.000,0.000
0.84640,10.000,1.799,4.100,1.000,0.000
0.84680,10.000,1.742,4.128,1.000,0.000
0.84720,10.000,1.701,4.149,1.000,0.000
0.84760,10.000,1.758,4.120,1.000,0.000
0.84800,10.000,1.885,4.057,1.000,0.000
0.84840,10.000,1.978,4.010,1.000,0.000
0.84880,9.967,1.960,4.003,1.000,0.000
0.84920,10.000,1.946,4.026,1.000,0.000
0.84960,10.000,1.936,4.031,1.000,0.000
0.85000,10.000,1.929,4.035,1.000,0.000
0.85040,10.000,1.751,4.124,1.000,0.000
0.85080,10.000,1.534,4.232,1.000,0.000
0.85120,10.000,1.463,4.268,1.000,0.000
0.85160,10.000,1.498,4.250,1.000,0.000
0.85200,10.000,1.696,4.151,1.000,0.000
0.85240,10.000,1.840,4.079,1.000,0.000
0.85280,10.000,1.859,4.070,1.000,0.000
0.85320,10.000,1.873,4.063,1.000,0.000
0.85360,10.000,1.796,4.101,1.000,0.000
0.85400,10.000,1.741,4.129,1.000,0.000
0.85440,10.000,1.873,4.063,1.000,0.000
0.85480,10.000,1.969,4.015,1.000,0.000
0.85520,10.000,1.953,4.023,1.000,0.000
0.85560,10.000,1.941,4.029,1.000,0.000
0.85600,10.000,2.019,3.990,1.000,0.000
0.85640,10.000,2.076,3.961,1.000,0.000
0.85680,10.000,2.030,3.984,1.000,0.000
0.85720,10.000,1.998,4.000,1.000,0.000
0.85760,10.000,2.060,3.969,1.000,0.000
0.85800,10.000,2.192,3.903,1.000,0.000
0.85840,10.000,2.202,3.898,1.000,0.000
0.85880,10.000,2.122,3.938,1.000,0.000
0.85920,10.000,2.151,3.924,1.000,0.000
0.85960,10.000,2.172,3.913,1.000,0.000
0.86000,10.000,2.100,3.949,1.000,0.000
0.86040,10.000,2.049,3.975,1.000,0.000
0.86080,10.000,2.097,3.951,1.000,0.000
0.86120,10.000,2.133,3.933,1.000,0.000
0.86160,10.000,2.072,3.963,1.000,0.000
0.86200,10.000,2.028,3.985,1.000,0.000
0.86240,10.000,1.909,4.045,1.000,0.000
0.86280,10.000,1.736,4.131,1.000,0.000
0.86320,10.000,1.524,4.237,1.000,0.000
0.86360,10.000,1.542,4.228,1.000,0.000
0.86400,10.000,1.728,4.135,1.000,0.000
0.86440,10.000,1.777,4.111,1.000,0.000
0.86480,10.000,1.813,4.093,1.000,0.000
0.86520,10.000,1.839,4.080,1.000,0.000
0.86560,10.000,1.945,4.027,1.000,0.000
0.86600,10.000,2.022,3.988,1.000,0.000
0.86640,10.000,2.078,3.961,1.000,0.000
0.86680,10.000,2.118,3.940,1.000,0.000
0.86720,10.000,2.062,3.968,1.000,0.000
0.86760,10.000,2.020,3.989,1.000,0.000
0.86800,10.000,2.077,3.961,1.000,0.000
0.86840,10.000,2.031,3.984,1.000,0.000
0.86880,10.000,1.998,4.000,1.000,0.000
0.86920,10.000,2.060,3.969,1.000,0.000
0.86960,10.000,2.019,3.990,1.000,0.000
0.87000,10.000,2.076,3.961,1.000,0.000
0.87040,10.000,2.117,3.941,1.000,0.000
0.87080,10.000,2.061,3.969,1.000,0.000
0.87120,10.000,2.020,3.989,1.000,0.000
0.87160,10.000,2.076,3.961,1.000,0.000
0.87200,10.000,2.117,3.941,1.000,0.000
0.87240,10.000,2.147,3.926,1.000,0.000
0.87280,10.000,2.083,3.958,1.000,0.000
0.87320,10.000,1.863,4.068,1.000,0.000
0.87360,10.000,1.703,4.148,1.000,0.000
0.87400,10.000,1.672,4.163,1.000,0.000
0.87440,10.000,1.823,4.088,1.000,0.000
0.87480,10.000,1.846,4.076,1.000,0.000
0.87520,10.000,1.604,4.197,1.000,0.000
0.87560,10.000,1.341,4.329,1.000,0.000
0.87600,10.000,1.150,4.424,1.000,0.000
0.87640,10.000,1.097,4.451,1.000,0.000
0.87680,10.000,1.231,4.384,1.000,0.000
0.87720,10.000,1.415,4.292,1.000,0.000
0.87760,10.000,1.549,4.225,1.000,0.000
0.87800,10.000,1.647,4.176,1.000,0.000
0.87840,10.000,1.805,4.097,1.000,0.000
0.87880,10.000,1.920,4.039,1.000,0.000
0.87920,10.000,1.917,4.041,1.000,0.000
0.87960,10.000,1.915,4.042,1.000,0.000
0.88000,10.000,1.913,4.043,1.000,0.000
0.88040,10.000,1.999,4.000,1.000,0.000
0.88080,10.000,2.061,3.969,1.000,0.000
0.88120,10.000,2.020,3.989,1.000,0.000
0.88160,10.000,1.990,4.004,1.000,0.000
0.88200,10.000,1.968,4.015,1.000,0.000
0.88240,10.000,1.779,4.110,1.000,0.000
0.88280,10.000,1.728,4.135,1.000,0.000
0.88320,10.000,1.864,4.067,1.000,0.000
0.88360,10.000,1.876,4.061,1.000,0.000
0.88400,10.000,1.885,4.057,1.000,0.000
0.88440,10.000,1.892,4.053,1.000,0.000
0.88480,10.000,1.896,4.051,1.000,0.000
0.88520,10.000,1.727,4.136,1.000,0.000
0.88560,10.000,1.604,4.197,1.000,0.000
0.88600,10.000,1.514,4.242,1.000,0.000
0.88640,10.000,1.535,4.232,1.000,0.000
0.88680,10.000,1.723,4.138,1.000,0.000
0.88720,10.000,1.687,4.156,1.000,0.000
0.88760,10.000,1.575,4.212,1.000,0.000
0.88800,10.000,1.579,4.210,1.000,0.000
0.88840,10.000,1.669,4.165,1.000,0.000
0.88880,8.677,1.734,3.471,1.000,0.000
0.88920,10.000,1.782,4.108,1.000,0.000
0.88960,10.000,1.816,4.091,1.000,0.000
0.89000,9.991,1.842,4.074,1.000,0.000
0.89040,10.000,1.946,4.026,1.000,0.000
0.89080,9.987,1.936,4.025,1.000,0.000
0.89120,10.000,1.843,4.078,1.000,0.000
0.89160,9.991,1.688,4.151,1.000,0.000
0.89200,10.000,1.575,4.212,1.000,0.000
0.89240,9.994,1.666,4.164,1.000,0.000
0.89280,10.000,1.818,4.090,1.000,0.000
0.89320,9.997,1.843,4.076,1.000,0.000
0.89360,10.000,1.775,4.112,1.000,0.000
0.89400,9.998,1.811,4.093,1.000,0.000
0.89440,10.000,1.751,4.124,1.000,0.000
0.89480,9.999,1.708,4.145,1.000,0.000
0.89520,10.000,1.590,4.204,1.000,0.000
0.89560,9.999,1.504,4.247,1.000,0.000
0.89600,10.000,1.614,4.192,1.000,0.000
0.89640,9.999,1.694,4.152,1.000,0.000
0.89680,10.000,1.752,4.123,1.000,0.000
0.89720,9.999,1.795,4.102,1.000,0.000
0.89760,10.000,1.826,4.086,1.000,0.000
0.89800,9.999,1.849,4.075,1.000,0.000
0.89840,10.000,1.865,4.067,1.000,0.000
0.89880,9.999,1.877,4.061,1.000,0.000
0.89920,10.000,1.886,4.056,1.000,0.000
0.89960,9.999,1.892,4.053,1.000,0.000
0.90000,10.000,1.897,4.051,1.000,0.000
0.90040,9.999,1.814,4.092,1.000,0.000
0.90080,10.000,1.753,4.123,1.000,0.000
0.90120,9.999,1.623,4.188,1.000,0.000
0.90160,10.000,1.614,4.192,1.000,0.000
0.90200,9.999,1.781,4.109,1.000,0.000
0.90240,10.000,1.816,4.091,1.000,0.000
0.90280,10.000,1.841,4.079,1.000,0.000
0.90320,10.000,1.773,4.113,1.000,0.000
0.90360,10.000,1.810,4.094,1.000,0.000
0.90400,10.000,1.923,4.038,1.000,0.000
0.90440,10.000,1.920,4.039,1.000,0.000
0.90480,10.000,1.917,4.041,1.000,0.000
0.90520,10.000,1.915,4.042,1.000,0.000
0.90560,10.000,1.913,4.043,1.000,0.000
0.90600,10.000,1.912,4.043,1.000,0.000
0.90640,10.000,1.911,4.044,1.000,0.000
0.90680,10.000,1.738,4.130,1.000,0.000
0.90720,10.000,1.698,4.150,1.000,0.000
0.90760,10.000,1.842,4.078,1.000,0.000
0.90800,10.000,1.774,4.112,1.000,0.000
0.90840,10.000,1.638,4.180,1.000,0.000
0.90880,10.000,1.625,4.187,1.000,0.000
0.90920,10.000,1.702,4.148,1.000,0.000
0.90960,10.000,1.758,4.120,1.000,0.000
0.91000,10.000,1.886,4.056,1.000,0.000
0.91040,10.000,1.979,4.010,1.000,0.000
0.91080,10.000,1.960,4.019,1.000,0.000
0.91120,10.000,1.946,4.026,1.000,0.000
0.91160,10.000,1.936,4.031,1.000,0.000
0.91200,10.000,1.929,4.035,1.000,0.000
0.91240,10.000,1.924,4.037,1.000,0.000
0.91280,10.000,2.006,3.996,1.000,0.000
0.91320,10.000,1.980,4.009,1.000,0.000
0.91360,10.000,1.874,4.062,1.000,0.000
0.91400,10.000,1.884,4.057,1.000,0.000
0.91440,10.000,1.977,4.011,1.000,0.000
0.91480,10.000,2.045,3.977,1.000,0.000
0.91520,10.000,2.008,3.995,1.000,0.000
0.91560,10.000,1.981,4.009,1.000,0.000
0.91600,10.000,1.962,4.018,1.000,0.000
0.91640,10.000,2.034,3.982,1.000,0.000
0.91680,10.000,2.087,3.956,1.000,0.000
0.91720,10.000,2.038,3.980,1.000,0.000
0.91760,10.000,2.090,3.954,1.000,0.000
0.91800,10.000,2.127,3.936,1.000,0.000
0.91840,10.000,2.068,3.965,1.000,0.000
0.91880,10.000,2.025,3.987,1.000,0.000
0.91920,10.000,1.994,4.002,1.000,0.000
0.91960,10.000,2.057,3.971,1.000,0.000
0.92000,10.000,2.103,3.948,1.000,0.000
0.92040,10.000,2.051,3.974,1.000,0.000
0.92080,10.000,2.099,3.950,1.000,0.000
0.92120,10.000,2.134,3.932,1.000,0.000
0.92160,10.000,2.073,3.963,1.000,0.000
0.92200,10.000,2.028,3.985,1.000,0.000
0.92240,10.000,1.996,4.001,1.000,0.000
0.92280,10.000,1.973,4.013,1.000,0.000
0.92320,10.000,1.955,4.022,1.000,0.000
0.92360,10.000,1.943,4.028,1.000,0.000
0.92400,10.000,1.934,4.032,1.000,0.000
0.92440,10.000,1.927,4.036,1.000,0.000
0.92480,10.000,2.009,3.995,1.000,0.000
0.92520,10.000,2.068,3.965,1.000,0.000
0.92560,10.000,2.025,3.987,1.000,0.000
0.92600,10.000,1.821,4.089,1.000,0.000
0.92640,10.000,1.586,4.206,1.000,0.000
0.92680,10.000,1.587,4.206,1.000,0.000
0.92720,10.000,1.675,4.162,1.000,0.000
0.92760,10.000,1.738,4.130,1.000,0.000
0.92800,10.000,1.871,4.064,1.000,0.000
0.92840,10.000,1.968,4.015,1.000,0.000
0.92880,10.000,1.952,4.023,1.000,0.000
0.92920,10.000,1.940,4.029,1.000,0.000
0.92960,10.000,1.846,4.076,1.000,0.000
0.93000,10.000,1.776,4.111,1.000,0.000
0.93040,10.000,1.813,4.093,1.000,0.000
0.93080,10.000,1.752,4.123,1.000,0.000
0.93120,10.000,1.709,4.145,1.000,0.000
0.93160,10.000,1.763,4.118,1.000,0.000
0.93200,10.000,1.889,4.055,1.000,0.000
0.93240,10.000,1.981,4.009,1.000,0.000
0.93280,10.000,1.962,4.018,1.000,0.000
0.93320,10.000,2.034,3.982,1.000,0.000
0.93360,10.000,2.086,3.956,1.000,0.000
0.93400,10.000,2.038,3.980,1.000,0.000
0.93440,10.000,2.003,3.998,1.000,0.000
0.93480,10.000,1.891,4.054,1.000,0.000
0.93520,10.000,1.810,4.094,1.000,0.000
0.93560,10.000,1.837,4.081,1.000,0.000
0.93600,10.000,1.943,4.028,1.000,0.000
0.93640,10.000,2.020,3.989,1.000,0.000
0.93680,10.000,1.990,4.004,1.000,0.000
0.93720,10.000,2.055,3.972,1.000,0.000
0.93760,10.000,2.102,3.948,1.000,0.000
0.93800,10.000,1.877,4.061,1.000,0.000
0.93840,10.000,1.713,4.143,1.000,0.000
0.93880,10.000,1.766,4.116,1.000,0.000
0.93920,10.000,1.718,4.140,1.000,0.000
0.93960,10.000,1.684,4.157,1.000,0.000
0.94000,10.000,1.832,4.083,1.000,0.000
0.94040,10.000,1.939,4.030,1.000,0.000
0.94080,10.000,1.931,4.034,1.000,0.000
0.94120,10.000,2.012,3.993,1.000,0.000
0.94160,10.000,2.070,3.964,1.000,0.000
0.94200,10.000,2.113,3.943,1.000,0.000
0.94240,10.000,2.144,3.927,1.000,0.000
0.94280,10.000,2.080,3.959,1.000,0.000
0.94320,10.000,2.034,3.982,1.000,0.000
0.94360,10.000,2.000,3.999,1.000,0.000
0.94400,10.000,1.889,4.055,1.000,0.000
0.94440,10.000,1.808,4.095,1.000,0.000
0.94480,10.000,1.836,4.081,1.000,0.000
0.94520,10.000,1.856,4.071,1.000,0.000
0.94560,10.000,1.957,4.021,1.000,0.000
0.94600,10.000,2.030,3.984,1.000,0.000
0.94640,10.000,1.997,4.001,1.000,0.000
0.94680,10.000,1.973,4.013,1.000,0.000
0.94720,10.000,1.783,4.108,1.000,0.000
0.94760,10.000,1.645,4.177,1.000,0.000
0.94800,10.000,1.716,4.141,1.000,0.000
0.94840,10.000,1.682,4.158,1.000,0.000
0.94880,10.000,1.658,4.170,1.000,0.000
0.94920,10.000,1.726,4.136,1.000,0.000
0.94960,10.000,1.776,4.111,1.000,0.000
0.95000,10.000,1.726,4.136,1.000,0.000
0.95040,10.000,1.603,4.198,1.000,0.000
0.95080,10.000,1.599,4.200,1.000,0.000
0.95120,10.000,1.684,4.157,1.000,0.000
0.95160,10.000,1.745,4.127,1.000,0.000
0.95200,10.000,1.790,4.104,1.000,0.000
0.95240,10.000,1.822,4.088,1.000,0.000
0.95280,10.000,1.846,4.076,1.000,0.000
0.95320,10.000,1.863,4.068,1.000,0.000
0.95360,10.000,1.962,4.018,1.000,0.000
0.95400,10.000,2.034,3.982,1.000,0.000
0.95440,10.000,2.000,3.999,1.000,0.000
0.95480,10.000,1.803,4.098,1.000,0.000
0.95520,10.000,1.659,4.170,1.000,0.000
0.95560,10.000,1.554,4.222,1.000,0.000
0.95600,10.000,1.391,4.304,1.000,0.000
0.95640,10.000,1.445,4.277,1.000,0.000
0.95680,10.000,1.571,4.214,1.000,0.000
0.95720,10.000,1.750,4.124,1.000,0.000
0.95760,10.000,1.793,4.103,1.000,0.000
0.95800,10.000,1.738,4.130,1.000,0.000
0.95840,10.000,1.612,4.193,1.000,0.000
0.95880,10.000,1.347,4.326,1.000,0.000
0.95920,10.000,1.240,4.379,1.000,0.000
0.95960,10.000,1.336,4.331,1.000,0.000
0.96000,10.000,1.491,4.254,1.000,0.000
0.96040,10.000,1.605,4.197,1.000,0.000
0.96080,10.000,1.687,4.156,1.000,0.000
0.96120,10.000,1.748,4.125,1.000,0.000
0.96160,10.000,1.792,4.103,1.000,0.000
0.96200,10.000,1.824,4.087,1.000,0.000
0.96240,10.000,1.847,4.076,1.000,0.000
0.96280,10.000,1.864,4.067,1.000,0.000
0.96320,10.000,1.876,4.061,1.000,0.000
0.96360,10.000,1.885,4.057,1.000,0.000
0.96400,10.000,1.892,4.053,1.000,0.000
0.96440,10.000,1.896,4.051,1.000,0.000
0.96480,10.000,1.900,4.049,1.000,0.000
0.96520,10.000,1.989,4.005,1.000,0.000
0.96560,10.000,2.054,3.972,1.000,0.000
0.96600,10.000,2.015,3.992,1.000,0.000
0.96640,10.000,2.072,3.963,1.000,0.000
0.96680,10.000,2.028,3.985,1.000,0.000
0.96720,10.000,1.996,4.001,1.000,0.000
0.96760,10.000,2.059,3.970,1.000,0.000
0.96800,10.000,2.018,3.990,1.000,0.000
0.96840,10.000,1.989,4.005,1.000,0.000
0.96880,10.000,2.054,3.972,1.000,0.000
0.96920,10.000,2.101,3.949,1.000,0.000
0.96960,10.000,2.049,3.975,1.000,0.000
0.97000,10.000,1.924,4.037,1.000,0.000
0.97040,10.000,1.834,4.082,1.000,0.000
0.97080,10.000,1.854,4.072,1.000,0.000
0.97120,10.000,1.869,4.065,1.000,0.000
0.97160,10.000,1.880,4.059,1.000,0.000
0.97200,10.000,1.888,4.055,1.000,0.000
0.97240,10.000,1.894,4.052,1.000,0.000
0.97280,10.000,1.898,4.050,1.000,0.000
0.97320,10.000,1.988,4.005,1.000,0.000
0.97360,10.000,2.053,3.973,1.000,0.000
0.97400,10.000,2.014,3.992,1.000,0.000
0.97440,10.000,2.072,3.963,1.000,0.000
